customer_id,first_name,last_name,total_orders,customer_name
1,Debra,Burks,3,Debra Burks
2,Kasha,Todd,3,Kasha Todd
3,Tameka,Fisher,3,Tameka Fisher
4,Daryl,Spence,3,Daryl Spence
5,Charolette,Rice,3,Charolette Rice
6,Lyndsey,Bean,3,Lyndsey Bean
7,Latasha,Hays,3,Latasha Hays
8,Jacquline,Duncan,3,Jacquline Duncan
9,Genoveva,Baldwin,3,Genoveva Baldwin
10,Pamelia,Newman,3,Pamelia Newman
11,Deshawn,Mendoza,3,Deshawn Mendoza
12,Robby,Sykes,3,Robby Sykes
13,Lashawn,Ortiz,3,Lashawn Ortiz
14,Garry,Espinoza,3,Garry Espinoza
15,Linnie,Branch,3,Linnie Branch
16,Emmitt,Sanchez,3,Emmitt Sanchez
17,Caren,Stephens,3,Caren Stephens
18,Georgetta,Hardin,3,Georgetta Hardin
19,Lizzette,Stein,3,Lizzette Stein
20,Aleta,Shepard,3,Aleta Shepard
21,Tobie,Little,3,Tobie Little
22,Adelle,Larsen,2,Adelle Larsen
23,Kaylee,English,2,Kaylee English
24,Corene,Wall,3,Corene Wall
25,Regenia,Vaughan,2,Regenia Vaughan
26,Theo,Reese,2,Theo Reese
27,Santos,Valencia,2,Santos Valencia
28,Jeanice,Frost,2,Jeanice Frost
29,Syreeta,Hendricks,2,Syreeta Hendricks
30,Jamaal,Albert,3,Jamaal Albert
31,Williemae,Holloway,3,Williemae Holloway
32,Araceli,Golden,3,Araceli Golden
33,Deloris,Burke,3,Deloris Burke
34,Brittney,Woodward,2,Brittney Woodward
35,Guillermina,Noble,2,Guillermina Noble
36,Bernita,Mcdaniel,2,Bernita Mcdaniel
37,Melia,Brady,2,Melia Brady
38,Zelma,Browning,2,Zelma Browning
39,Janetta,Aguirre,2,Janetta Aguirre
40,Ronna,Butler,3,Ronna Butler
41,Kathie,Freeman,2,Kathie Freeman
42,Tangela,Quinn,2,Tangela Quinn
43,Mozelle,Carter,3,Mozelle Carter
44,Onita,Johns,2,Onita Johns
45,Bennett,Armstrong,2,Bennett Armstrong
46,Monika,Berg,3,Monika Berg
47,Bridgette,Guerra,3,Bridgette Guerra
48,Cesar,Jackson,2,Cesar Jackson
49,Caroll,Hays,2,Caroll Hays
50,Cleotilde,Booth,3,Cleotilde Booth
51,Gertrud,Rhodes,2,Gertrud Rhodes
52,Tu,Ramirez,2,Tu Ramirez
53,Saturnina,Garner,3,Saturnina Garner
54,Fran,Yang,2,Fran Yang
55,Diana,Guerra,2,Diana Guerra
56,Lolita,Mosley,3,Lolita Mosley
57,Pamala,Henry,2,Pamala Henry
58,Damien,Dorsey,2,Damien Dorsey
59,Latasha,Stanley,2,Latasha Stanley
60,Neil,Mccall,2,Neil Mccall
61,Elinore,Aguilar,3,Elinore Aguilar
62,Alica,Hunter,2,Alica Hunter
63,Tenisha,Lyons,2,Tenisha Lyons
64,Bobbie,Foster,3,Bobbie Foster
65,Kanesha,Vega,2,Kanesha Vega
66,Lorrie,Becker,3,Lorrie Becker
67,Tommie,Melton,2,Tommie Melton
68,Jayne,Kirkland,3,Jayne Kirkland
69,Katelin,Kennedy,2,Katelin Kennedy
70,Tomasa,Carson,2,Tomasa Carson
71,Takako,Casey,2,Takako Casey
72,Petronila,Norris,2,Petronila Norris
73,Melanie,Hayes,2,Melanie Hayes
74,Georgeann,Waller,2,Georgeann Waller
75,Abby,Gamble,2,Abby Gamble
76,Parker,Prince,2,Parker Prince
77,Keri,Bridges,3,Keri Bridges
78,Chi,Goff,2,Chi Goff
79,Ashanti,Parks,2,Ashanti Parks
80,Sarai,Mckee,2,Sarai Mckee
81,Zina,Bonner,2,Zina Bonner
82,Lizzie,Joyner,2,Lizzie Joyner
83,Tiesha,Daniel,2,Tiesha Daniel
84,Armand,Whitehead,2,Armand Whitehead
85,Teofila,Fischer,2,Teofila Fischer
86,Lissa,Vargas,2,Lissa Vargas
87,Yan,Mcgowan,2,Yan Mcgowan
88,Titus,Bullock,2,Titus Bullock
89,Arvilla,Osborn,2,Arvilla Osborn
90,Marjorie,Logan,2,Marjorie Logan
91,Marvin,Mullins,2,Marvin Mullins
92,Tena,Cruz,2,Tena Cruz
93,Corrina,Sawyer,2,Corrina Sawyer
94,Sharyn,Hopkins,2,Sharyn Hopkins
95,Letitia,Franco,1,Letitia Franco
96,Floretta,Higgins,1,Floretta Higgins
97,Louanne,Martin,2,Louanne Martin
98,Violet,Valenzuela,1,Violet Valenzuela
99,Carie,Kidd,1,Carie Kidd
100,Kellie,Franco,1,Kellie Franco
101,Nichelle,Howell,1,Nichelle Howell
102,Marisol,Goodman,1,Marisol Goodman
103,Sylvie,Wilkerson,1,Sylvie Wilkerson
104,Katharina,Bates,2,Katharina Bates
105,Marget,Hodge,1,Marget Hodge
106,Raul,Melendez,1,Raul Melendez
107,Cecil,Hopper,1,Cecil Hopper
108,Shae,Hickman,1,Shae Hickman
109,Monica,Sears,2,Monica Sears
110,Ollie,Zimmerman,2,Ollie Zimmerman
111,Shila,White,1,Shila White
112,Yuk,Vega,1,Yuk Vega
113,Eliana,Silva,1,Eliana Silva
114,Thalia,Horne,1,Thalia Horne
115,Rey,Lindsay,1,Rey Lindsay
116,Merlene,Vinson,3,Merlene Vinson
117,Dacia,William,2,Dacia William
118,Le,Wood,1,Le Wood
119,Thalia,Dillard,2,Thalia Dillard
120,Luz,House,2,Luz House
121,Lucy,Woods,2,Lucy Woods
122,Shena,Carter,1,Shena Carter
123,Robena,Hill,2,Robena Hill
124,Jeni,Booker,2,Jeni Booker
125,Herlinda,Stone,1,Herlinda Stone
126,Lavina,Dejesus,1,Lavina Dejesus
127,Erlinda,Nielsen,1,Erlinda Nielsen
128,Terrance,Lynn,1,Terrance Lynn
129,Walton,Dejesus,1,Walton Dejesus
130,Wes,Stanton,1,Wes Stanton
131,Tanesha,Hampton,1,Tanesha Hampton
132,Boyd,Irwin,1,Boyd Irwin
133,Delbert,Wilkins,1,Delbert Wilkins
134,Brianna,Moss,1,Brianna Moss
135,Dorthey,Jackson,2,Dorthey Jackson
136,Sarita,Parks,2,Sarita Parks
137,Shonta,Mercer,1,Shonta Mercer
138,Jone,Bernard,2,Jone Bernard
139,Wanita,Davenport,1,Wanita Davenport
140,Cleopatra,Tate,1,Cleopatra Tate
141,Ramiro,Byers,1,Ramiro Byers
142,Nicholas,Vazquez,1,Nicholas Vazquez
143,Janae,Doyle,1,Janae Doyle
144,Hans,Price,1,Hans Price
145,Miquel,Neal,1,Miquel Neal
146,Stefany,Potter,1,Stefany Potter
147,Bernetta,Marquez,1,Bernetta Marquez
148,Julee,Woodard,1,Julee Woodard
149,Meredith,Bryan,1,Meredith Bryan
150,Weldon,Michael,1,Weldon Michael
151,Joesph,Delacruz,2,Joesph Delacruz
152,Katherina,Odom,1,Katherina Odom
153,Laraine,Robbins,2,Laraine Robbins
154,Jenise,Preston,1,Jenise Preston
155,Lory,Page,1,Lory Page
156,Charlyn,Cantrell,1,Charlyn Cantrell
157,Carola,Rodriquez,2,Carola Rodriquez
158,Alane,Kennedy,1,Alane Kennedy
159,Regina,Burns,1,Regina Burns
160,Omer,Estrada,1,Omer Estrada
161,Crystle,Gilliam,1,Crystle Gilliam
162,Kam,Wilder,1,Kam Wilder
163,Margert,Stevens,1,Margert Stevens
164,Tomika,Larson,1,Tomika Larson
165,Jeromy,Burch,2,Jeromy Burch
166,Lena,Mills,1,Lena Mills
167,Loreta,Johnston,1,Loreta Johnston
168,Nettie,Mcdaniel,1,Nettie Mcdaniel
169,Karla,Kirk,2,Karla Kirk
170,Regine,Gonzales,2,Regine Gonzales
171,Miriam,Baker,1,Miriam Baker
172,Jeanie,Kirkland,2,Jeanie Kirkland
173,Marquerite,Dawson,1,Marquerite Dawson
174,Babara,Ochoa,1,Babara Ochoa
175,Nova,Hess,2,Nova Hess
176,Carley,Reynolds,2,Carley Reynolds
177,Carissa,Foreman,1,Carissa Foreman
178,Genoveva,Tyler,1,Genoveva Tyler
179,Deane,Sears,1,Deane Sears
180,Karey,Steele,1,Karey Steele
181,Olevia,Pitts,2,Olevia Pitts
182,Jenniffer,Bullock,1,Jenniffer Bullock
183,Jeniffer,Ratliff,1,Jeniffer Ratliff
184,Klara,Stanley,1,Klara Stanley
185,Morton,Lee,1,Morton Lee
186,Ken,Charles,1,Ken Charles
187,Hedwig,Paul,2,Hedwig Paul
188,Sharla,Flynn,2,Sharla Flynn
189,Damian,Dawson,1,Damian Dawson
190,Toya,Pratt,1,Toya Pratt
191,Graciela,Barber,2,Graciela Barber
192,Bong,Hebert,2,Bong Hebert
193,Ayanna,Rhodes,1,Ayanna Rhodes
194,Dorine,Roberson,2,Dorine Roberson
195,Addie,Hahn,1,Addie Hahn
196,Edythe,Valencia,1,Edythe Valencia
197,Andy,O'neill,1,Andy O'neill
198,Luis,Tyler,1,Luis Tyler
199,Clelia,Workman,1,Clelia Workman
200,Ashely,Holmes,1,Ashely Holmes
201,Candis,Harding,1,Candis Harding
202,Marni,Bolton,1,Marni Bolton
203,Minerva,Decker,1,Minerva Decker
204,Alpha,King,1,Alpha King
205,Harris,Pittman,1,Harris Pittman
206,Stephaine,Riddle,1,Stephaine Riddle
207,Michel,Blankenship,1,Michel Blankenship
208,Denis,Logan,2,Denis Logan
209,Jutta,Everett,1,Jutta Everett
210,Priscilla,Wilkins,1,Priscilla Wilkins
211,Gilma,Dejesus,1,Gilma Dejesus
212,Buford,Bridges,1,Buford Bridges
213,Elenore,Hensley,1,Elenore Hensley
214,Ross,Pugh,1,Ross Pugh
215,Judith,Finley,1,Judith Finley
216,Wai,Soto,1,Wai Soto
217,Carline,Collier,2,Carline Collier
218,Casey,Gill,1,Casey Gill
219,Darcie,Morgan,1,Darcie Morgan
220,Lucio,Sherman,1,Lucio Sherman
221,Clementine,Mooney,1,Clementine Mooney
222,Anya,Contreras,1,Anya Contreras
223,Scarlet,Yates,1,Scarlet Yates
224,Moses,Pope,2,Moses Pope
225,Barbera,Riggs,1,Barbera Riggs
226,Kiana,Rivera,1,Kiana Rivera
227,Danielle,Bond,1,Danielle Bond
228,Whitney,Estes,1,Whitney Estes
229,Molly,Langley,1,Molly Langley
230,Chelsey,Hardin,1,Chelsey Hardin
231,Jenee,Rasmussen,2,Jenee Rasmussen
232,Freddie,Mathis,1,Freddie Mathis
233,Mariana,Strong,2,Mariana Strong
234,Winfred,Harris,1,Winfred Harris
235,Jeromy,Elliott,1,Jeromy Elliott
236,Verona,O'neill,1,Verona O'neill
237,Elvera,Peck,2,Elvera Peck
238,Cindi,Larson,1,Cindi Larson
239,Felice,Guzman,2,Felice Guzman
240,Le,Deleon,2,Le Deleon
241,Manie,Sanchez,1,Manie Sanchez
242,Rutha,Howell,1,Rutha Howell
243,Natosha,Rowland,1,Natosha Rowland
244,Jessika,Bray,1,Jessika Bray
245,Delila,Hamilton,1,Delila Hamilton
246,Dionne,Norris,1,Dionne Norris
247,Muriel,Juarez,1,Muriel Juarez
248,Cecelia,Gill,1,Cecelia Gill
249,Magda,Eaton,1,Magda Eaton
250,Ivonne,Yang,1,Ivonne Yang
251,Kasie,Rodriquez,1,Kasie Rodriquez
252,Eleni,Gordon,1,Eleni Gordon
253,Maurice,Norton,1,Maurice Norton
254,Cristobal,Hutchinson,1,Cristobal Hutchinson
255,Flossie,Holder,1,Flossie Holder
256,Erma,Salinas,1,Erma Salinas
257,Earl,Stanley,1,Earl Stanley
258,Maribel,William,1,Maribel William
259,Johnathan,Velazquez,1,Johnathan Velazquez
260,Rodrick,Shelton,1,Rodrick Shelton
261,Ferne,Kline,1,Ferne Kline
262,Rubin,Decker,1,Rubin Decker
263,Dortha,Jarvis,1,Dortha Jarvis
264,Mariela,Huffman,1,Mariela Huffman
265,Mellisa,Farley,1,Mellisa Farley
266,Myung,Hooper,1,Myung Hooper
267,Angelina,Lloyd,1,Angelina Lloyd
268,Trinity,Riddle,1,Trinity Riddle
269,Barton,Crosby,1,Barton Crosby
270,Claudio,Wise,1,Claudio Wise
271,Katheleen,Marks,1,Katheleen Marks
272,Deja,Chaney,1,Deja Chaney
273,Queenie,Vance,1,Queenie Vance
274,Josh,Shaw,1,Josh Shaw
275,Pinkie,Kirkland,1,Pinkie Kirkland
276,Lavette,Wright,1,Lavette Wright
277,Mark,Garrett,1,Mark Garrett
278,Myesha,Burgess,1,Myesha Burgess
279,Justina,Long,1,Justina Long
280,Brenda,Tate,1,Brenda Tate
281,Rayna,Perry,1,Rayna Perry
282,Randolph,Chase,1,Randolph Chase
283,Jaimee,Day,1,Jaimee Day
284,Susann,Bass,1,Susann Bass
285,Leola,Gould,1,Leola Gould
286,Virgil,Frost,1,Virgil Frost
287,Mireille,Puckett,1,Mireille Puckett
288,Keturah,Massey,1,Keturah Massey
289,Charmain,Webster,1,Charmain Webster
290,Barry,Buckner,1,Barry Buckner
291,Boyce,Burks,1,Boyce Burks
292,Monty,Frost,1,Monty Frost
293,Tiny,French,1,Tiny French
294,Clementina,Sargent,1,Clementina Sargent
295,Danny,Kim,1,Danny Kim
296,Sophia,Mcmillan,1,Sophia Mcmillan
297,Christia,Carson,1,Christia Carson
298,Jennie,Middleton,1,Jennie Middleton
299,Jame,Riggs,1,Jame Riggs
300,Rayford,Simon,1,Rayford Simon
301,Annett,Garrett,1,Annett Garrett
302,Hayden,Cross,1,Hayden Cross
303,Rolanda,Larsen,1,Rolanda Larsen
304,Jayme,Zamora,1,Jayme Zamora
305,Hope,Cotton,1,Hope Cotton
306,Vikki,Erickson,1,Vikki Erickson
307,Fransisca,Nicholson,1,Fransisca Nicholson
308,Mazie,Fernandez,1,Mazie Fernandez
309,Anderson,Martin,1,Anderson Martin
310,Gilberto,Parsons,1,Gilberto Parsons
311,Charise,Burt,1,Charise Burt
312,Cameron,Carroll,1,Cameron Carroll
313,Melani,Jarvis,1,Melani Jarvis
314,Javier,Nichols,1,Javier Nichols
315,Justina,Jenkins,1,Justina Jenkins
316,Hortencia,Graham,1,Hortencia Graham
317,Christia,Wilkins,1,Christia Wilkins
318,Eliz,Whitney,1,Eliz Whitney
319,Justin,Newton,1,Justin Newton
320,Aron,Wiggins,1,Aron Wiggins
321,Chere,Hardin,1,Chere Hardin
322,Merideth,Preston,1,Merideth Preston
323,Jeniffer,Slater,1,Jeniffer Slater
324,Laureen,Paul,1,Laureen Paul
325,Berna,Moore,1,Berna Moore
326,Shiela,Calderon,1,Shiela Calderon
327,Sharie,Alvarez,1,Sharie Alvarez
328,Bettie,Glover,1,Bettie Glover
329,Marilyn,Frank,1,Marilyn Frank
330,Sheba,Knapp,1,Sheba Knapp
331,Aleta,Mack,1,Aleta Mack
332,Reena,Higgins,1,Reena Higgins
333,Ami,Mcmahon,1,Ami Mcmahon
334,Somer,Jordan,1,Somer Jordan
335,Scarlet,Reed,1,Scarlet Reed
336,Trisha,Johnson,1,Trisha Johnson
337,Majorie,Wyatt,1,Majorie Wyatt
338,Abbey,Pugh,1,Abbey Pugh
339,Tamela,Harrell,1,Tamela Harrell
340,Yanira,Bradshaw,1,Yanira Bradshaw
341,Delana,Scott,1,Delana Scott
342,Cassondra,Pruitt,1,Cassondra Pruitt
343,Jesica,Fields,1,Jesica Fields
344,Herta,Rollins,1,Herta Rollins
345,Mi,Gray,1,Mi Gray
346,Jacalyn,Barnett,1,Jacalyn Barnett
347,Kanesha,Hudson,1,Kanesha Hudson
348,Darren,Witt,1,Darren Witt
349,Mable,Pratt,1,Mable Pratt
350,Christoper,Mccall,1,Christoper Mccall
351,Margorie,Wynn,1,Margorie Wynn
352,Josef,Greer,1,Josef Greer
353,Tisa,Whitney,1,Tisa Whitney
354,Tonda,Armstrong,1,Tonda Armstrong
355,Arvilla,Weiss,1,Arvilla Weiss
356,Vashti,Rosario,1,Vashti Rosario
357,Sheri,Cole,1,Sheri Cole
358,Kandace,Giles,1,Kandace Giles
359,Angie,Powers,1,Angie Powers
360,Van,Peters,1,Van Peters
361,Virgina,Berg,1,Virgina Berg
362,Olevia,Noel,1,Olevia Noel
363,Kaci,Gallegos,1,Kaci Gallegos
364,Bev,Chang,1,Bev Chang
365,Rodger,Rojas,1,Rodger Rojas
366,Lavonne,Anderson,1,Lavonne Anderson
367,Blanca,Hooper,1,Blanca Hooper
368,Alysha,Powers,1,Alysha Powers
369,Mary,Singleton,1,Mary Singleton
370,Jina,Cooper,1,Jina Cooper
371,Loni,Duncan,1,Loni Duncan
372,Collene,Roman,1,Collene Roman
373,Mariette,Trevino,1,Mariette Trevino
374,Candelaria,Coffey,1,Candelaria Coffey
375,Yan,Trevino,1,Yan Trevino
376,Elanor,Patrick,1,Elanor Patrick
377,Klara,Mosley,1,Klara Mosley
378,Rosalba,O'neal,1,Rosalba O'neal
379,Mina,Carrillo,1,Mina Carrillo
380,Alesia,Horne,1,Alesia Horne
381,Kristen,Alvarez,1,Kristen Alvarez
382,Collin,Webster,1,Collin Webster
383,Ashlee,Pena,1,Ashlee Pena
384,Aimee,Merritt,1,Aimee Merritt
385,Rochelle,Ward,1,Rochelle Ward
386,Nelle,Beck,1,Nelle Beck
387,Kaila,Walters,1,Kaila Walters
388,Aleta,Stone,1,Aleta Stone
389,Leif,Short,1,Leif Short
390,Lorrie,Pollard,1,Lorrie Pollard
391,Vernita,Ball,1,Vernita Ball
392,Cyndi,Bush,1,Cyndi Bush
393,Gertrude,Terry,1,Gertrude Terry
394,Virgen,Clemons,1,Virgen Clemons
395,Fairy,Robinson,1,Fairy Robinson
396,Laverna,Hernandez,1,Laverna Hernandez
397,Jeannie,Wilcox,1,Jeannie Wilcox
398,Suellen,Mercado,1,Suellen Mercado
399,Bart,Hess,1,Bart Hess
400,Alfredo,Dodson,1,Alfredo Dodson
401,Shaunda,Barnett,1,Shaunda Barnett
402,Kerrie,Morton,1,Kerrie Morton
403,Elouise,Fry,1,Elouise Fry
404,Augustus,Steele,1,Augustus Steele
405,Greta,Page,1,Greta Page
406,Kerrie,O'neill,1,Kerrie O'neill
407,Dannette,Guerrero,1,Dannette Guerrero
408,Edra,Fitzgerald,1,Edra Fitzgerald
409,Jerome,Bolton,1,Jerome Bolton
410,Conception,Slater,1,Conception Slater
411,Octavia,Case,1,Octavia Case
412,Dexter,Roberts,1,Dexter Roberts
413,Ginette,Edwards,1,Ginette Edwards
414,Romaine,Haley,1,Romaine Haley
415,Gwendolyn,Miller,1,Gwendolyn Miller
416,Luke,Fuller,1,Luke Fuller
417,Zoraida,Patton,1,Zoraida Patton
418,Georgeanna,Webster,1,Georgeanna Webster
419,Krystin,Marshall,1,Krystin Marshall
420,Vince,Schneider,1,Vince Schneider
421,Iola,Rasmussen,1,Iola Rasmussen
422,Valery,Saunders,1,Valery Saunders
423,Johna,Powers,1,Johna Powers
424,Charleen,Hurst,1,Charleen Hurst
425,Augustina,Joyner,1,Augustina Joyner
426,Daisy,Ward,1,Daisy Ward
427,Latonya,Dixon,1,Latonya Dixon
428,Hipolito,Padilla,1,Hipolito Padilla
429,Emmett,Casey,1,Emmett Casey
430,Kandi,Mcneil,1,Kandi Mcneil
431,Luciano,Marsh,1,Luciano Marsh
432,Julius,Holt,1,Julius Holt
433,Holly,Nieves,1,Holly Nieves
434,Douglass,Little,1,Douglass Little
435,Izola,Hobbs,1,Izola Hobbs
436,Honey,Camacho,1,Honey Camacho
437,Laureen,Barry,1,Laureen Barry
438,Katharine,Herrera,1,Katharine Herrera
439,Sunshine,Rosario,1,Sunshine Rosario
440,Yevette,Todd,1,Yevette Todd
441,Dorthea,Walker,1,Dorthea Walker
442,Alane,Munoz,1,Alane Munoz
443,Ayana,Keith,1,Ayana Keith
444,Caridad,Compton,1,Caridad Compton
445,Earline,Ballard,1,Earline Ballard
446,Nathanael,Bradley,1,Nathanael Bradley
447,Chasidy,Tran,1,Chasidy Tran
448,Janella,Bright,1,Janella Bright
449,Josie,Schultz,1,Josie Schultz
450,Ellsworth,Michael,1,Ellsworth Michael
451,Jennette,Wooten,1,Jennette Wooten
452,Cassandra,Nichols,1,Cassandra Nichols
453,Courtney,Wyatt,1,Courtney Wyatt
454,Terese,Palmer,1,Terese Palmer
455,Sherita,Cherry,1,Sherita Cherry
456,Serina,Hensley,1,Serina Hensley
457,Jeni,Farley,1,Jeni Farley
458,Everett,Vega,1,Everett Vega
459,Latosha,Dalton,1,Latosha Dalton
460,Romelia,Myers,1,Romelia Myers
461,Effie,Jenkins,1,Effie Jenkins
462,Efren,Oliver,1,Efren Oliver
463,Jerlene,Rios,1,Jerlene Rios
464,Bess,Mcbride,1,Bess Mcbride
465,Birdie,Kramer,1,Birdie Kramer
466,Collen,Hayes,1,Collen Hayes
467,Clare,Neal,1,Clare Neal
468,Jeanett,Herman,1,Jeanett Herman
469,Micki,Rutledge,1,Micki Rutledge
470,Loise,Walker,1,Loise Walker
471,Burma,Summers,1,Burma Summers
472,Myron,Ruiz,1,Myron Ruiz
473,Lashawna,Richardson,1,Lashawna Richardson
474,Lavern,Orr,1,Lavern Orr
475,Alec,Peck,1,Alec Peck
476,Christopher,Richardson,1,Christopher Richardson
477,Arminda,Weber,1,Arminda Weber
478,Emmett,Hahn,1,Emmett Hahn
479,Gertha,Mejia,1,Gertha Mejia
480,Garland,Weaver,1,Garland Weaver
481,Jayson,Rutledge,1,Jayson Rutledge
482,Narcisa,Knapp,1,Narcisa Knapp
483,Gayla,Sims,1,Gayla Sims
484,Chelsey,Boyd,1,Chelsey Boyd
485,Catherine,Miles,1,Catherine Miles
486,Valeri,Marshall,1,Valeri Marshall
487,Grace,Madden,1,Grace Madden
488,Joaquin,Hawkins,1,Joaquin Hawkins
489,Kirstie,Vazquez,1,Kirstie Vazquez
490,Yu,Mcdonald,1,Yu Mcdonald
491,Celestine,Jacobs,1,Celestine Jacobs
492,Justa,Thompson,1,Justa Thompson
493,Lise,Alvarado,1,Lise Alvarado
494,Pearl,Fox,1,Pearl Fox
495,Travis,Goodman,1,Travis Goodman
496,Shu,Mays,1,Shu Mays
497,Ezra,Fowler,1,Ezra Fowler
498,Edda,Young,1,Edda Young
499,Lidia,Ashley,1,Lidia Ashley
500,Moira,Lester,1,Moira Lester
501,Tony,Hicks,1,Tony Hicks
502,Malinda,Baxter,1,Malinda Baxter
503,Marlo,Jefferson,1,Marlo Jefferson
504,Tiana,Henderson,1,Tiana Henderson
505,Wilda,Petersen,1,Wilda Petersen
506,Irving,Pitts,1,Irving Pitts
507,Sheree,Pena,1,Sheree Pena
508,Vance,Taylor,1,Vance Taylor
509,Terra,Pickett,1,Terra Pickett
510,Faustino,Delacruz,1,Faustino Delacruz
511,Julienne,Moody,1,Julienne Moody
512,Hee,Greer,1,Hee Greer
513,Whitney,Cash,1,Whitney Cash
514,Clarita,Curry,1,Clarita Curry
515,Reita,Dickson,1,Reita Dickson
516,Rosa,Kinney,1,Rosa Kinney
517,Buford,Gilbert,1,Buford Gilbert
518,Homer,Powers,1,Homer Powers
519,Rudolf,Gilliam,1,Rudolf Gilliam
520,Andreas,Herman,1,Andreas Herman
521,Max,Charles,1,Max Charles
522,Tammera,Fischer,1,Tammera Fischer
523,Joshua,Robertson,1,Joshua Robertson
524,Larraine,Horn,1,Larraine Horn
525,Andreas,Mayer,1,Andreas Mayer
526,Lazaro,Moran,1,Lazaro Moran
527,Afton,Juarez,1,Afton Juarez
528,Angele,Schroeder,1,Angele Schroeder
529,Ellena,Clements,1,Ellena Clements
530,Selene,Austin,1,Selene Austin
531,Kimberely,Bowen,1,Kimberely Bowen
532,Mia,Delgado,1,Mia Delgado
533,Garret,Clay,1,Garret Clay
534,Alejandro,Haney,1,Alejandro Haney
535,Inge,Olsen,1,Inge Olsen
536,Christiane,Bradford,1,Christiane Bradford
537,Carter,Bentley,1,Carter Bentley
538,Sherie,Ayala,1,Sherie Ayala
539,Jamika,Acevedo,1,Jamika Acevedo
540,Shery,Randolph,1,Shery Randolph
541,Lanita,Burton,1,Lanita Burton
542,Timothy,Byers,1,Timothy Byers
543,Jasmin,Young,1,Jasmin Young
544,Catarina,Mendez,1,Catarina Mendez
545,Tajuana,Rollins,1,Tajuana Rollins
546,Thad,Castro,1,Thad Castro
547,Tena,Huber,1,Tena Huber
548,Dori,Alvarez,1,Dori Alvarez
549,Elmo,Arnold,1,Elmo Arnold
550,Felicidad,Golden,1,Felicidad Golden
551,Jenine,Crane,1,Jenine Crane
552,Lea,Key,1,Lea Key
553,Rory,Cooper,1,Rory Cooper
554,Hilde,Nieves,1,Hilde Nieves
555,Marry,Benjamin,1,Marry Benjamin
556,Vernell,Goff,1,Vernell Goff
557,Erlene,Cook,1,Erlene Cook
558,Carroll,Kelly,1,Carroll Kelly
559,Basilia,Thornton,1,Basilia Thornton
560,Tricia,Daniels,1,Tricia Daniels
561,Kandace,Hughes,1,Kandace Hughes
562,Alejandro,Norman,1,Alejandro Norman
563,Rodney,Odom,1,Rodney Odom
564,Bettie,Pierce,1,Bettie Pierce
565,Dagny,Owen,1,Dagny Owen
566,Cinthia,Poole,1,Cinthia Poole
567,Sheila,Travis,1,Sheila Travis
568,Arcelia,Vinson,1,Arcelia Vinson
569,Lucas,Estes,1,Lucas Estes
570,Marissa,Summers,1,Marissa Summers
571,Kaley,Blanchard,1,Kaley Blanchard
572,Wm,Pope,1,Wm Pope
573,Rubye,Mccall,1,Rubye Mccall
574,Adriene,Rivera,1,Adriene Rivera
575,Laurence,Christian,1,Laurence Christian
576,Shirely,Stanley,1,Shirely Stanley
577,Danille,Mcfarland,1,Danille Mcfarland
578,Salena,Day,1,Salena Day
579,Matilda,Larson,1,Matilda Larson
580,Mellisa,Kim,1,Mellisa Kim
581,Vonda,Berger,1,Vonda Berger
582,Soledad,Moses,1,Soledad Moses
583,Lashandra,Turner,1,Lashandra Turner
584,Lynne,Anderson,1,Lynne Anderson
585,Chasidy,Webster,1,Chasidy Webster
586,Ulysses,Gaines,1,Ulysses Gaines
587,Euna,Lopez,1,Euna Lopez
588,Cherelle,Key,1,Cherelle Key
589,Jeffry,Church,1,Jeffry Church
590,Cyndi,Dyer,1,Cyndi Dyer
591,Danilo,Holmes,1,Danilo Holmes
592,Joni,Lee,1,Joni Lee
593,Antony,Atkinson,1,Antony Atkinson
594,Deanne,Parsons,1,Deanne Parsons
595,Frederica,Rojas,1,Frederica Rojas
596,Emelda,Dickerson,1,Emelda Dickerson
597,Rudolf,Moran,1,Rudolf Moran
598,Benito,Hendrix,1,Benito Hendrix
599,Jonell,Rivas,1,Jonell Rivas
600,Joi,Reeves,1,Joi Reeves
601,Leland,Mcdowell,1,Leland Mcdowell
602,Delaine,Estes,1,Delaine Estes
603,Genevieve,Juarez,1,Genevieve Juarez
604,Kylee,Dickson,1,Kylee Dickson
605,Renita,Henry,1,Renita Henry
606,Sarah,Kirkland,1,Sarah Kirkland
607,Paul,Lester,1,Paul Lester
608,Taisha,Vang,1,Taisha Vang
609,Eliana,Reese,1,Eliana Reese
610,Leonore,Dorsey,1,Leonore Dorsey
611,Ashleigh,Frank,1,Ashleigh Frank
612,Gabriel,Wagner,1,Gabriel Wagner
613,Margene,Eaton,1,Margene Eaton
614,Toshia,Cardenas,1,Toshia Cardenas
615,Jamika,Blanchard,1,Jamika Blanchard
616,Shery,Acosta,1,Shery Acosta
617,Jenna,Saunders,1,Jenna Saunders
618,Skye,Pope,1,Skye Pope
619,Ana,Palmer,1,Ana Palmer
620,Eric,Hardin,1,Eric Hardin
621,Basil,Ballard,1,Basil Ballard
622,Gabriel,Pitts,1,Gabriel Pitts
623,Cayla,Johnson,1,Cayla Johnson
624,Sharika,Colon,1,Sharika Colon
625,Donnetta,Henson,1,Donnetta Henson
626,Leigh,Burke,1,Leigh Burke
627,Deloris,Larson,1,Deloris Larson
628,Ehtel,Cobb,1,Ehtel Cobb
629,Evelina,Byrd,1,Evelina Byrd
630,Zulema,Browning,1,Zulema Browning
631,Tressa,Weiss,1,Tressa Weiss
632,Yvette,Rogers,1,Yvette Rogers
633,Kiara,Deleon,1,Kiara Deleon
634,Taylor,Cole,1,Taylor Cole
635,Myrtie,James,1,Myrtie James
636,Ashton,Lott,1,Ashton Lott
637,Kara,Higgins,1,Kara Higgins
638,Tomeka,Higgins,1,Tomeka Higgins
639,Ronald,Parsons,1,Ronald Parsons
640,Allison,Nolan,1,Allison Nolan
641,Derrick,Marks,1,Derrick Marks
642,Yang,Roth,1,Yang Roth
643,Melba,Wilkinson,1,Melba Wilkinson
644,Valentin,Mclaughlin,1,Valentin Mclaughlin
645,Lewis,Garner,1,Lewis Garner
646,Ann,Heath,1,Ann Heath
647,Janelle,Maldonado,1,Janelle Maldonado
648,Catrice,Hicks,1,Catrice Hicks
649,Eli,Contreras,1,Eli Contreras
650,Rita,Bailey,1,Rita Bailey
651,Laure,Pena,1,Laure Pena
652,Tilda,Melton,1,Tilda Melton
653,Florencio,Davenport,1,Florencio Davenport
654,Eun,Harris,1,Eun Harris
655,Marylyn,Browning,1,Marylyn Browning
656,Romana,Barnes,1,Romana Barnes
657,Sam,Lester,1,Sam Lester
658,Nicki,Larson,1,Nicki Larson
659,Antonetta,Rocha,1,Antonetta Rocha
660,Shara,Pope,1,Shara Pope
661,Trena,Hudson,1,Trena Hudson
662,Loraine,Sykes,1,Loraine Sykes
663,Alissa,Hood,1,Alissa Hood
664,Augustus,Schmidt,1,Augustus Schmidt
665,Stacie,Sims,1,Stacie Sims
666,Brittni,Green,1,Brittni Green
667,Etsuko,Garrison,1,Etsuko Garrison
668,Calandra,Stanton,1,Calandra Stanton
669,Willis,Randolph,1,Willis Randolph
670,Shawnda,Glover,1,Shawnda Glover
671,Jennette,Baker,1,Jennette Baker
672,Elma,Molina,1,Elma Molina
673,Adam,Henderson,1,Adam Henderson
674,Ira,Moore,1,Ira Moore
675,Kermit,Bowman,1,Kermit Bowman
676,Gayle,Wilkinson,1,Gayle Wilkinson
677,Launa,Hull,1,Launa Hull
678,Myron,Johns,1,Myron Johns
679,Tuan,Wolfe,1,Tuan Wolfe
680,Mathilda,Pennington,1,Mathilda Pennington
681,Reatha,Perez,1,Reatha Perez
682,Arnita,Thomas,1,Arnita Thomas
683,Amparo,Burks,1,Amparo Burks
684,Jenny,Bell,1,Jenny Bell
685,Laverne,Craft,1,Laverne Craft
686,Darcel,Harmon,1,Darcel Harmon
687,Cecilia,Camacho,1,Cecilia Camacho
688,Pearlie,Cochran,1,Pearlie Cochran
689,Deirdre,Ryan,1,Deirdre Ryan
690,Yevette,Elliott,1,Yevette Elliott
691,Ladawn,Downs,1,Ladawn Downs
692,Dorothea,Chang,1,Dorothea Chang
693,Merlin,Foreman,1,Merlin Foreman
694,Lanie,Dunn,1,Lanie Dunn
695,Christoper,Gould,1,Christoper Gould
696,Norine,Huffman,1,Norine Huffman
697,Alane,Mccarty,1,Alane Mccarty
698,Charleen,Joyner,1,Charleen Joyner
699,Zella,Fernandez,1,Zella Fernandez
700,Collene,Knox,1,Collene Knox
701,Alysia,Nicholson,1,Alysia Nicholson
702,Sharie,Whitaker,1,Sharie Whitaker
703,Diana,Cobb,1,Diana Cobb
704,Morton,Barron,1,Morton Barron
705,Camille,Harvey,1,Camille Harvey
706,Lolita,O'neill,1,Lolita O'neill
707,Terese,Briggs,1,Terese Briggs
708,Majorie,Glover,1,Majorie Glover
709,Vinnie,Chan,1,Vinnie Chan
710,Ezra,Silva,1,Ezra Silva
711,Jovita,Bishop,1,Jovita Bishop
712,Kecia,Olsen,1,Kecia Olsen
713,Ilona,Spears,1,Ilona Spears
714,Senaida,Thompson,1,Senaida Thompson
715,Larae,Carney,1,Larae Carney
716,Sebrina,Hart,1,Sebrina Hart
717,Kristofer,Craig,1,Kristofer Craig
718,Luciana,Mcgee,1,Luciana Mcgee
719,Nicki,Fry,1,Nicki Fry
720,Devin,Shaffer,1,Devin Shaffer
721,Erlinda,Osborne,1,Erlinda Osborne
722,Camila,Carroll,1,Camila Carroll
723,Vicki,Wiggins,1,Vicki Wiggins
724,Lois,Steele,1,Lois Steele
725,Carola,Mcpherson,1,Carola Mcpherson
726,Rochell,Cantrell,1,Rochell Cantrell
727,Kasha,Sullivan,1,Kasha Sullivan
728,Viva,Dawson,1,Viva Dawson
729,Hue,Dalton,1,Hue Dalton
730,Andria,Rivers,1,Andria Rivers
731,Hilary,Savage,1,Hilary Savage
732,Lavona,Austin,1,Lavona Austin
733,Doreatha,Ford,1,Doreatha Ford
734,Alina,Mcleod,1,Alina Mcleod
735,Aide,Franco,1,Aide Franco
736,Genny,Hensley,1,Genny Hensley
737,Melita,Dominguez,1,Melita Dominguez
738,Fannie,Jenkins,1,Fannie Jenkins
739,Bobbi,Banks,1,Bobbi Banks
740,Gwenn,Melton,1,Gwenn Melton
741,Laci,Castro,1,Laci Castro
742,Evelina,Manning,1,Evelina Manning
743,Tania,Swanson,1,Tania Swanson
744,Laurel,Schultz,1,Laurel Schultz
745,Carolyne,Conley,1,Carolyne Conley
746,Eldridge,Greer,1,Eldridge Greer
747,Margret,Barnett,1,Margret Barnett
748,Oliva,Blackwell,1,Oliva Blackwell
749,Oralia,Farley,1,Oralia Farley
750,Romaine,Salazar,1,Romaine Salazar
751,Hermila,Mckay,1,Hermila Mckay
752,Lloyd,Miranda,1,Lloyd Miranda
753,Mandi,Gibbs,1,Mandi Gibbs
754,Hue,May,1,Hue May
755,Tomika,Wilder,1,Tomika Wilder
756,Graig,Roth,1,Graig Roth
757,Lamar,Greer,1,Lamar Greer
758,Raymonde,Garcia,1,Raymonde Garcia
759,Cira,Downs,1,Cira Downs
760,Marisa,Chambers,1,Marisa Chambers
761,Rod,Hatfield,1,Rod Hatfield
762,Quyen,Houston,1,Quyen Houston
763,Han,Schneider,1,Han Schneider
764,Terrell,Mathis,1,Terrell Mathis
765,Spring,Hayes,1,Spring Hayes
766,Lecia,Hancock,1,Lecia Hancock
767,Twana,Arnold,1,Twana Arnold
768,Yvone,Yates,1,Yvone Yates
769,Agatha,Melton,1,Agatha Melton
770,Lavonda,Stephenson,1,Lavonda Stephenson
771,Agnes,Sims,1,Agnes Sims
772,Latricia,Lindsey,1,Latricia Lindsey
773,Yolando,Wade,1,Yolando Wade
774,Nenita,Mooney,1,Nenita Mooney
775,Kermit,Hyde,1,Kermit Hyde
776,Angelique,Merrill,1,Angelique Merrill
777,Ilda,Roberson,1,Ilda Roberson
778,Corrinne,Garrison,1,Corrinne Garrison
779,Major,Merrill,1,Major Merrill
780,Ouida,Gregory,1,Ouida Gregory
781,Tajuana,Riddle,1,Tajuana Riddle
782,Ricki,Bullock,1,Ricki Bullock
783,Celestine,Kent,1,Celestine Kent
784,Debbra,Jacobson,1,Debbra Jacobson
785,Kandis,Mills,1,Kandis Mills
786,Wallace,Lane,1,Wallace Lane
787,Malisa,Mitchell,1,Malisa Mitchell
788,Lilliam,Nolan,1,Lilliam Nolan
789,Tad,Gardner,1,Tad Gardner
790,Petronila,Gallegos,1,Petronila Gallegos
791,Yun,Nelson,1,Yun Nelson
792,Edgar,Horn,1,Edgar Horn
793,Chantay,Maynard,1,Chantay Maynard
794,Donette,Mccarthy,1,Donette Mccarthy
795,Mariam,Miranda,1,Mariam Miranda
796,Rosalie,Coffey,1,Rosalie Coffey
797,Cathey,Lamb,1,Cathey Lamb
798,Alyse,Jacobson,1,Alyse Jacobson
799,India,Barron,1,India Barron
800,Cris,Dunn,1,Cris Dunn
801,Ophelia,Rodgers,1,Ophelia Rodgers
802,Barrett,Sanders,1,Barrett Sanders
803,Bernardina,Cooper,1,Bernardina Cooper
804,Douglas,Richards,1,Douglas Richards
805,Phillis,Fowler,1,Phillis Fowler
806,Reyes,Merritt,1,Reyes Merritt
807,Nathalie,Knowles,1,Nathalie Knowles
808,Vallie,Dixon,1,Vallie Dixon
809,Elnora,Simpson,1,Elnora Simpson
810,Ivelisse,Nixon,1,Ivelisse Nixon
811,Shanti,Johnston,1,Shanti Johnston
812,Martha,Burgess,1,Martha Burgess
813,Neville,Mcclain,1,Neville Mcclain
814,Ghislaine,Compton,1,Ghislaine Compton
815,Leanna,Manning,1,Leanna Manning
816,Marshall,Johnson,1,Marshall Johnson
817,Zelda,Pratt,1,Zelda Pratt
818,Joel,Wynn,1,Joel Wynn
819,Yahaira,Robertson,1,Yahaira Robertson
820,Sandy,Mills,1,Sandy Mills
821,Cassidy,Clark,1,Cassidy Clark
822,Kristy,Watkins,1,Kristy Watkins
823,Tina,Bush,1,Tina Bush
824,Veronika,Rollins,1,Veronika Rollins
825,Kristel,Byrd,1,Kristel Byrd
826,Shay,Stephenson,1,Shay Stephenson
827,George,Pickett,1,George Pickett
828,Renato,Morton,1,Renato Morton
829,Marcy,Rodriguez,1,Marcy Rodriguez
830,Edmund,Gaines,1,Edmund Gaines
831,Lory,Berg,1,Lory Berg
832,Pamala,Fowler,1,Pamala Fowler
833,Leone,Emerson,1,Leone Emerson
834,Brain,Skinner,1,Brain Skinner
835,Roseanne,Maynard,1,Roseanne Maynard
836,Corinna,Adams,1,Corinna Adams
837,Kellye,Campbell,1,Kellye Campbell
838,Erna,Sloan,1,Erna Sloan
839,Carolann,Russell,1,Carolann Russell
840,Gilbert,Calhoun,1,Gilbert Calhoun
841,Manie,Maxwell,1,Manie Maxwell
842,Giselle,Robles,1,Giselle Robles
843,Tessie,Farmer,1,Tessie Farmer
844,Felica,Munoz,1,Felica Munoz
845,Kathyrn,Bush,1,Kathyrn Bush
846,Sylvester,Chan,1,Sylvester Chan
847,Lizette,Ellison,1,Lizette Ellison
848,Ernestina,Skinner,1,Ernestina Skinner
849,Phyllis,Hill,1,Phyllis Hill
850,Stephanie,Browning,1,Stephanie Browning
851,Arlena,Buckner,1,Arlena Buckner
852,Lezlie,Thompson,1,Lezlie Thompson
853,Brittney,Rojas,1,Brittney Rojas
854,Phylis,Adkins,1,Phylis Adkins
855,Lean,Stark,1,Lean Stark
856,Lara,Guy,1,Lara Guy
857,Inga,Koch,1,Inga Koch
858,Klara,Kim,1,Klara Kim
859,Julianne,Shannon,1,Julianne Shannon
860,Loni,Mullen,1,Loni Mullen
861,Olympia,Figueroa,1,Olympia Figueroa
862,Mellie,Puckett,1,Mellie Puckett
863,Shonta,Preston,1,Shonta Preston
864,Lore,Sykes,1,Lore Sykes
865,Julia,Joyner,1,Julia Joyner
866,Lynwood,Jackson,1,Lynwood Jackson
867,Rosalva,Hamilton,1,Rosalva Hamilton
868,Domingo,Casey,1,Domingo Casey
869,Rodrigo,Durham,1,Rodrigo Durham
870,Dwain,Carlson,1,Dwain Carlson
871,Erlinda,Humphrey,1,Erlinda Humphrey
872,Silas,Tate,1,Silas Tate
873,Patience,Clayton,1,Patience Clayton
874,Mila,Good,1,Mila Good
875,Tanesha,Sawyer,1,Tanesha Sawyer
876,Onita,Macdonald,1,Onita Macdonald
877,Janine,Manning,1,Janine Manning
878,Melodie,Melton,1,Melodie Melton
879,Ethelyn,Ray,1,Ethelyn Ray
880,Phebe,Turner,1,Phebe Turner
881,Chloe,Patel,1,Chloe Patel
882,Hilda,Harvey,1,Hilda Harvey
883,Gilberte,Duke,1,Gilberte Duke
884,Willian,Hardin,1,Willian Hardin
885,Janna,Hayden,1,Janna Hayden
886,Letisha,May,1,Letisha May
887,Graig,Cannon,1,Graig Cannon
888,Coleen,Navarro,1,Coleen Navarro
889,Lucilla,Williams,1,Lucilla Williams
890,Rosanne,George,1,Rosanne George
891,Ashlie,Parrish,1,Ashlie Parrish
892,Alissa,Craft,1,Alissa Craft
893,Letty,Cobb,1,Letty Cobb
894,Nathaniel,Richard,1,Nathaniel Richard
895,Elaina,Key,1,Elaina Key
896,Stefani,Gamble,1,Stefani Gamble
897,Bettyann,Acosta,1,Bettyann Acosta
898,Crysta,Velez,1,Crysta Velez
899,Carisa,Carpenter,1,Carisa Carpenter
900,Jule,Davenport,1,Jule Davenport
901,Lonna,Franks,1,Lonna Franks
902,Elease,Dejesus,1,Elease Dejesus
903,Maira,Long,1,Maira Long
904,Jana,Thomas,1,Jana Thomas
905,Hae,Ramirez,1,Hae Ramirez
906,Erik,Leblanc,1,Erik Leblanc
907,Daina,Sampson,1,Daina Sampson
908,Delmar,Wise,1,Delmar Wise
909,Alita,Salinas,1,Alita Salinas
910,Elenore,William,1,Elenore William
911,Nikita,Roy,1,Nikita Roy
912,Inocencia,Key,1,Inocencia Key
913,Liliana,Kerr,1,Liliana Kerr
914,Hortencia,O'neil,1,Hortencia O'neil
915,Beryl,Bennett,1,Beryl Bennett
916,Alishia,Elliott,1,Alishia Elliott
917,Vernia,Madden,1,Vernia Madden
918,Kristel,Bullock,1,Kristel Bullock
919,Ruthanne,Hoover,1,Ruthanne Hoover
920,James,Robles,1,James Robles
921,Evelin,Vargas,1,Evelin Vargas
922,Elvia,Cardenas,1,Elvia Cardenas
923,Randee,Pitts,1,Randee Pitts
924,Lea,Irwin,1,Lea Irwin
925,Bryce,Monroe,1,Bryce Monroe
926,Katina,Mcintosh,1,Katina Mcintosh
927,Guillermo,Hart,1,Guillermo Hart
928,Joann,Barber,1,Joann Barber
929,Thurman,Ellis,1,Thurman Ellis
930,Delana,Wagner,1,Delana Wagner
931,Porter,Bass,1,Porter Bass
932,Yvonne,Bean,1,Yvonne Bean
933,Lurline,Rivers,1,Lurline Rivers
934,Ocie,Slater,1,Ocie Slater
935,Genevie,Miles,1,Genevie Miles
936,Sherilyn,Wilcox,1,Sherilyn Wilcox
937,Aida,Koch,1,Aida Koch
938,Emory,O'connor,1,Emory O'connor
939,Maximina,Hutchinson,1,Maximina Hutchinson
940,Marina,Hinton,1,Marina Hinton
941,Danyell,Dickerson,1,Danyell Dickerson
942,Davis,Long,1,Davis Long
943,Lynn,Mcmahon,1,Lynn Mcmahon
944,Tonja,Henderson,1,Tonja Henderson
945,Krissy,Ochoa,1,Krissy Ochoa
946,Angella,Bridges,1,Angella Bridges
947,Angele,Castro,1,Angele Castro
948,Siobhan,Lang,1,Siobhan Lang
949,Venessa,Frost,1,Venessa Frost
950,Verna,Solis,1,Verna Solis
951,Steve,Bender,1,Steve Bender
952,Aileen,Marquez,1,Aileen Marquez
953,Kattie,Stevenson,1,Kattie Stevenson
954,Hassan,Nash,1,Hassan Nash
955,Delfina,Gilliam,1,Delfina Gilliam
956,Venus,Hewitt,1,Venus Hewitt
957,Stephen,Vega,1,Stephen Vega
958,Ciera,Koch,1,Ciera Koch
959,Christel,Barber,1,Christel Barber
960,Arline,Lawson,1,Arline Lawson
961,Iva,Wilcox,1,Iva Wilcox
962,Maple,Griffin,1,Maple Griffin
963,Anisha,Lang,1,Anisha Lang
964,Brent,Calderon,1,Brent Calderon
965,Margit,Osborn,1,Margit Osborn
966,Novella,Patel,1,Novella Patel
967,Laurette,Hebert,1,Laurette Hebert
968,Jonna,Brown,1,Jonna Brown
969,Jennell,Solis,1,Jennell Solis
970,Ruth,Horton,1,Ruth Horton
971,Samual,Warner,1,Samual Warner
972,Damian,Mills,1,Damian Mills
973,Margaretta,Clayton,1,Margaretta Clayton
974,Marcell,Barrett,1,Marcell Barrett
975,Annis,Sanchez,1,Annis Sanchez
976,Ayanna,Cherry,1,Ayanna Cherry
977,Barton,Cox,1,Barton Cox
978,Diana,Reyes,1,Diana Reyes
979,Ingeborg,Ellison,1,Ingeborg Ellison
980,Carter,Booth,1,Carter Booth
981,Christel,Cardenas,1,Christel Cardenas
982,Orval,Hunter,1,Orval Hunter
983,Marguerite,Berger,1,Marguerite Berger
984,Ivette,Warren,1,Ivette Warren
985,Milagros,Weber,1,Milagros Weber
986,Marcel,Lindsay,1,Marcel Lindsay
987,Louis,Powell,1,Louis Powell
988,Vanda,Holmes,1,Vanda Holmes
989,Loreen,Byers,1,Loreen Byers
990,Casimira,Chapman,1,Casimira Chapman
991,Brigida,Larson,1,Brigida Larson
992,Chere,Alston,1,Chere Alston
993,Giovanna,Jefferson,1,Giovanna Jefferson
994,Demarcus,Reese,1,Demarcus Reese
995,Amina,Salazar,1,Amina Salazar
996,Serafina,Clemons,1,Serafina Clemons
997,Trinidad,Mcclain,1,Trinidad Mcclain
998,Heather,Chaney,1,Heather Chaney
999,Latoya,Johns,1,Latoya Johns
1000,Shiloh,Reeves,1,Shiloh Reeves
1001,Lee,Roman,1,Lee Roman
1002,Cami,Williamson,1,Cami Williamson
1003,Sharell,Ross,1,Sharell Ross
1004,Jerald,Blackwell,1,Jerald Blackwell
1005,Ruthanne,Franco,1,Ruthanne Franco
1006,Marjory,Leonard,1,Marjory Leonard
1007,Jimmy,Russell,1,Jimmy Russell
1008,Berneice,Pollard,1,Berneice Pollard
1009,Deangelo,Cooley,1,Deangelo Cooley
1010,Katia,Henry,1,Katia Henry
1011,Sebrina,Gross,1,Sebrina Gross
1012,Josephine,Dale,1,Josephine Dale
1013,Alma,Peck,1,Alma Peck
1014,Ling,Newman,1,Ling Newman
1015,Nichelle,Rosario,1,Nichelle Rosario
1016,Shenna,Benton,1,Shenna Benton
1017,Philip,Bryan,1,Philip Bryan
1018,Carita,Salinas,1,Carita Salinas
1019,Janie,Herrera,1,Janie Herrera
1020,Lorraine,Marks,1,Lorraine Marks
1021,Nicolas,Carlson,1,Nicolas Carlson
1022,Hye,Mercer,1,Hye Mercer
1023,Adena,Blake,1,Adena Blake
1024,Coleman,Boyd,1,Coleman Boyd
1025,Daphine,Willis,1,Daphine Willis
1026,Jenine,Dawson,1,Jenine Dawson
1027,Shanita,Wiley,1,Shanita Wiley
1028,Shanna,Bonner,1,Shanna Bonner
1029,Ping,Quinn,1,Ping Quinn
1030,Saran,Moses,1,Saran Moses
1031,Tonja,Bean,1,Tonja Bean
1032,Vernon,Knowles,1,Vernon Knowles
1033,Jeannette,Skinner,1,Jeannette Skinner
1034,Rico,Salas,1,Rico Salas
1035,Tangela,Hurley,1,Tangela Hurley
1036,Randee,Lester,1,Randee Lester
1037,Ashanti,Hammond,1,Ashanti Hammond
1038,Garry,Juarez,1,Garry Juarez
1039,Bee,Baker,1,Bee Baker
1040,Shantae,Hammond,1,Shantae Hammond
1041,Bettye,Espinoza,1,Bettye Espinoza
1042,Larissa,Hays,1,Larissa Hays
1043,Diane,Jones,1,Diane Jones
1044,Zenia,Bruce,1,Zenia Bruce
1045,Pasquale,Hogan,1,Pasquale Hogan
1046,Dane,Mcdaniel,1,Dane Mcdaniel
1047,Jamaal,Baker,1,Jamaal Baker
1048,Ji,Burt,1,Ji Burt
1049,Marcelino,Mcbride,1,Marcelino Mcbride
1050,Rozella,Fitzgerald,1,Rozella Fitzgerald
1051,Tonisha,Fowler,1,Tonisha Fowler
1052,Zora,Ford,1,Zora Ford
1053,Parthenia,Figueroa,1,Parthenia Figueroa
1054,Arielle,Levine,1,Arielle Levine
1055,Hildegarde,Christensen,1,Hildegarde Christensen
1056,Rebbecca,Espinoza,1,Rebbecca Espinoza
1057,Conchita,Boone,1,Conchita Boone
1058,Aisha,Woods,1,Aisha Woods
1059,Season,Harvey,1,Season Harvey
1060,Tommie,Cooley,1,Tommie Cooley
1061,Alanna,Barry,1,Alanna Barry
1062,Jerri,Guthrie,1,Jerri Guthrie
1063,Tammy,Austin,1,Tammy Austin
1064,Patsy,Russo,1,Patsy Russo
1065,Desiree,Branch,1,Desiree Branch
1066,Raeann,Duncan,1,Raeann Duncan
1067,Lillia,Gillespie,1,Lillia Gillespie
1068,Doris,Kaufman,1,Doris Kaufman
1069,Rodolfo,Buck,1,Rodolfo Buck
1070,Olimpia,Mays,1,Olimpia Mays
1071,Shemeka,Lyons,1,Shemeka Lyons
1072,Maryalice,Henry,1,Maryalice Henry
1073,Leeanne,Cross,1,Leeanne Cross
1074,Lanelle,Guerra,1,Lanelle Guerra
1075,Dann,Huff,1,Dann Huff
1076,Sherise,Mercer,1,Sherise Mercer
1077,Heather,Perry,1,Heather Perry
1078,Theresia,Barron,1,Theresia Barron
1079,Cindi,Ellis,1,Cindi Ellis
1080,Mirella,Duffy,1,Mirella Duffy
1081,Carson,Macias,1,Carson Macias
1082,Divina,Madden,1,Divina Madden
1083,Cher,Alston,1,Cher Alston
1084,Regine,Odom,1,Regine Odom
1085,Adam,Thornton,1,Adam Thornton
1086,Cori,Schwartz,1,Cori Schwartz
1087,Willow,Gardner,1,Willow Gardner
1088,Jane,Henderson,1,Jane Henderson
1089,Chere,Mcfadden,1,Chere Mcfadden
1090,Ira,Erickson,1,Ira Erickson
1091,Risa,Gallagher,1,Risa Gallagher
1092,Lavinia,Cotton,1,Lavinia Cotton
1093,Alejandrina,Hodges,1,Alejandrina Hodges
1094,Keitha,Black,1,Keitha Black
1095,Corene,Swanson,1,Corene Swanson
1096,Tonda,Webb,1,Tonda Webb
1097,Collen,Dennis,1,Collen Dennis
1098,Treasa,Dickerson,1,Treasa Dickerson
1099,Jewell,Reyes,1,Jewell Reyes
1100,Penny,Acevedo,1,Penny Acevedo
1101,Louise,Flowers,1,Louise Flowers
1102,Henrietta,Wagner,1,Henrietta Wagner
1103,Ardelia,Cooley,1,Ardelia Cooley
1104,Khalilah,Robertson,1,Khalilah Robertson
1105,Armando,Black,1,Armando Black
1106,Jerri,Henry,1,Jerri Henry
1107,Lynda,Newman,1,Lynda Newman
1108,Bao,Wade,1,Bao Wade
1109,Gussie,Harding,1,Gussie Harding
1110,Shirely,Cantrell,1,Shirely Cantrell
1111,Caroline,Jenkins,1,Caroline Jenkins
1112,Hollis,Rasmussen,1,Hollis Rasmussen
1113,Kendra,Harrington,1,Kendra Harrington
1114,Douglass,Blankenship,1,Douglass Blankenship
1115,Lina,Meadows,1,Lina Meadows
1116,Patria,Harper,1,Patria Harper
1117,Jeffrey,Hill,1,Jeffrey Hill
1118,Ja,Dillard,1,Ja Dillard
1119,Tora,Dunlap,1,Tora Dunlap
1120,Karole,Alvarez,1,Karole Alvarez
1121,Shasta,Combs,1,Shasta Combs
1122,Cicely,Deleon,1,Cicely Deleon
1123,Raphael,O'neil,1,Raphael O'neil
1124,Hubert,Reilly,1,Hubert Reilly
1125,Caleb,England,1,Caleb England
1126,Elmira,Levy,1,Elmira Levy
1127,Waldo,Hart,1,Waldo Hart
1128,Bea,Kane,1,Bea Kane
1129,Gilberto,Sanders,1,Gilberto Sanders
1130,Benny,Bender,1,Benny Bender
1131,Desmond,Rose,1,Desmond Rose
1132,Parthenia,Holman,1,Parthenia Holman
1133,Dung,King,1,Dung King
1134,Sherril,Alvarado,1,Sherril Alvarado
1135,Alisia,Albert,1,Alisia Albert
1136,Kallie,Best,1,Kallie Best
1137,Dottie,Roberts,1,Dottie Roberts
1138,Hubert,Stone,1,Hubert Stone
1139,Gabriella,Jones,1,Gabriella Jones
1140,Penney,Hall,1,Penney Hall
1141,Mallie,Osborn,1,Mallie Osborn
1142,Britteny,Schroeder,1,Britteny Schroeder
1143,Sommer,Hopkins,1,Sommer Hopkins
1144,Jewel,Sparks,1,Jewel Sparks
1145,Deandrea,Vega,1,Deandrea Vega
1146,Charlsie,Carson,1,Charlsie Carson
1147,Kandace,Ayers,1,Kandace Ayers
1148,Lenore,Valdez,1,Lenore Valdez
1149,Drucilla,Gilliam,1,Drucilla Gilliam
1150,Keturah,Reid,1,Keturah Reid
1151,Herminia,Reyes,1,Herminia Reyes
1152,Tuyet,Rosa,1,Tuyet Rosa
1153,Ara,Vazquez,1,Ara Vazquez
1154,Barry,Albert,1,Barry Albert
1155,Verdell,Joyner,1,Verdell Joyner
1156,Han,Wade,1,Han Wade
1157,Anton,Barton,1,Anton Barton
1158,Vito,Pickett,1,Vito Pickett
1159,Charlene,Norris,1,Charlene Norris
1160,Efren,Whitfield,1,Efren Whitfield
1161,Santa,Larson,1,Santa Larson
1162,Carmelina,Sellers,1,Carmelina Sellers
1163,Carmela,Hays,1,Carmela Hays
1164,Patrina,Tanner,1,Patrina Tanner
1165,Rikki,Morrow,1,Rikki Morrow
1166,Junita,Reese,1,Junita Reese
1167,Ryan,Carter,1,Ryan Carter
1168,Almeta,Benjamin,1,Almeta Benjamin
1169,Beatris,Joyner,1,Beatris Joyner
1170,Mechelle,Chan,1,Mechelle Chan
1171,Earlean,Pena,1,Earlean Pena
1172,Katherin,Clark,1,Katherin Clark
1173,Chanel,May,1,Chanel May
1174,Aaron,Knapp,1,Aaron Knapp
1175,Sindy,Anderson,1,Sindy Anderson
1176,Sheree,Blanchard,1,Sheree Blanchard
1177,Charlesetta,Soto,1,Charlesetta Soto
1178,Wendie,Nash,1,Wendie Nash
1179,Vernetta,Banks,1,Vernetta Banks
1180,Myrtle,Gardner,1,Myrtle Gardner
1181,Agustina,Lawrence,1,Agustina Lawrence
1182,Trinidad,Chapman,1,Trinidad Chapman
1183,Kim,Clark,1,Kim Clark
1184,Annabelle,Hebert,1,Annabelle Hebert
1185,Corine,Stuart,1,Corine Stuart
1186,Kiesha,Bond,1,Kiesha Bond
1187,Kenyetta,Mason,1,Kenyetta Mason
1188,Marcene,Curtis,1,Marcene Curtis
1189,Sheila,Goodman,1,Sheila Goodman
1190,Romeo,Steele,1,Romeo Steele
1191,Tam,Fisher,1,Tam Fisher
1192,Gena,Owens,1,Gena Owens
1193,Phebe,Soto,1,Phebe Soto
1194,Leticia,Snyder,1,Leticia Snyder
1195,Chantell,Bridges,1,Chantell Bridges
1196,Ileana,Holt,1,Ileana Holt
1197,Nakisha,Clay,1,Nakisha Clay
1198,Cheryll,Snyder,1,Cheryll Snyder
1199,Consuela,Collier,1,Consuela Collier
1200,Aubrey,Durham,1,Aubrey Durham
1201,Nita,Guy,1,Nita Guy
1202,Carmina,Emerson,1,Carmina Emerson
1203,Georgeann,Rojas,1,Georgeann Rojas
1204,Leslie,Higgins,1,Leslie Higgins
1205,Emmaline,Huber,1,Emmaline Huber
1206,Mercy,Brown,1,Mercy Brown
1207,Jenell,Crosby,1,Jenell Crosby
1208,Leila,Barr,1,Leila Barr
1209,Deandrea,Cox,1,Deandrea Cox
1210,Shawnna,Frank,1,Shawnna Frank
1211,Brenton,Whitaker,1,Brenton Whitaker
1212,Jaqueline,Cummings,1,Jaqueline Cummings
1213,Yang,Giles,1,Yang Giles
1214,Brigid,Sharp,1,Brigid Sharp
1215,Karl,Stephens,1,Karl Stephens
1216,Elvina,Gates,1,Elvina Gates
1217,Carlie,Terrell,1,Carlie Terrell
1218,Donovan,Cantrell,1,Donovan Cantrell
1219,Alden,Atkinson,1,Alden Atkinson
1220,Carissa,Cross,1,Carissa Cross
1221,Joy,Underwood,1,Joy Underwood
1222,Geraldine,O'donnell,1,Geraldine O'donnell
1223,Bronwyn,Vargas,1,Bronwyn Vargas
1224,Abram,Copeland,1,Abram Copeland
1225,Mellisa,Griffin,1,Mellisa Griffin
1226,Qiana,Jackson,1,Qiana Jackson
1227,Magali,Dixon,1,Magali Dixon
1228,Zulema,Clemons,1,Zulema Clemons
1229,Carina,Lynch,1,Carina Lynch
1230,Jesus,Burch,1,Jesus Burch
1231,Selene,Vega,1,Selene Vega
1232,Jong,Guthrie,1,Jong Guthrie
1233,Lise,Hebert,1,Lise Hebert
1234,Joshua,Berg,1,Joshua Berg
1235,Georgina,Gonzales,1,Georgina Gonzales
1236,Rudolph,Velez,1,Rudolph Velez
1237,Luke,Kramer,1,Luke Kramer
1238,Edgar,Quinn,1,Edgar Quinn
1239,Tara,Maynard,1,Tara Maynard
1240,Bella,Perez,1,Bella Perez
1241,Nathaniel,Davidson,1,Nathaniel Davidson
1242,Chauncey,Donaldson,1,Chauncey Donaldson
1243,Heide,Reed,1,Heide Reed
1244,Trang,Hardin,1,Trang Hardin
1245,Gabriela,Warren,1,Gabriela Warren
1246,Dale,Rasmussen,1,Dale Rasmussen
1247,Tammie,Cherry,1,Tammie Cherry
1248,Bethany,Herring,1,Bethany Herring
1249,Barbra,Dickerson,1,Barbra Dickerson
1250,Neoma,Daugherty,1,Neoma Daugherty
1251,Nanette,Roman,1,Nanette Roman
1252,Adriene,Rollins,1,Adriene Rollins
1253,Susannah,Fields,1,Susannah Fields
1254,Dung,Reid,1,Dung Reid
1255,Ben,Stone,1,Ben Stone
1256,Nubia,Anderson,1,Nubia Anderson
1257,Rosamaria,Meyer,1,Rosamaria Meyer
1258,Todd,Waters,1,Todd Waters
1259,Kimbery,Nieves,1,Kimbery Nieves
1260,Phuong,Wolf,1,Phuong Wolf
1261,Adelaida,Hancock,1,Adelaida Hancock
1262,Brianne,Hays,1,Brianne Hays
1263,Rufina,Chandler,1,Rufina Chandler
1264,Devin,Velazquez,1,Devin Velazquez
1265,Bonita,Marshall,1,Bonita Marshall
1266,Myrl,Gay,1,Myrl Gay
1267,Earline,Gordon,1,Earline Gordon
1268,Sung,Chambers,1,Sung Chambers
1269,Gustavo,Gamble,1,Gustavo Gamble
1270,Ciera,Webb,1,Ciera Webb
1271,Roy,Chan,1,Roy Chan
1272,Houston,Vasquez,1,Houston Vasquez
1273,Cheree,Hale,1,Cheree Hale
1274,Odette,Moses,1,Odette Moses
1275,Lenita,Bonner,1,Lenita Bonner
1276,Shona,Mcmillan,1,Shona Mcmillan
1277,Piedad,Irwin,1,Piedad Irwin
1278,Loan,Graham,1,Loan Graham
1279,Stan,Saunders,1,Stan Saunders
1280,Jackeline,Colon,1,Jackeline Colon
1281,Marlen,Dawson,1,Marlen Dawson
1282,Alexis,Mack,1,Alexis Mack
1283,Mica,Barry,1,Mica Barry
1284,Shanice,Spears,1,Shanice Spears
1285,Garth,Huff,1,Garth Huff
1286,Dione,Pratt,1,Dione Pratt
1287,Victor,Pittman,1,Victor Pittman
1288,Allie,Conley,1,Allie Conley
1289,Shanelle,Anderson,1,Shanelle Anderson
1290,Minnie,Compton,1,Minnie Compton
1291,Shiloh,Bates,1,Shiloh Bates
1292,Lakenya,Oliver,1,Lakenya Oliver
1293,Sally,Kinney,1,Sally Kinney
1294,Edith,Davenport,1,Edith Davenport
1295,Alline,Beasley,1,Alline Beasley
1296,Travis,Whitley,1,Travis Whitley
1297,Vanessa,West,1,Vanessa West
1298,Trudy,Riddle,1,Trudy Riddle
1299,Shauna,Edwards,1,Shauna Edwards
1300,Clorinda,Donovan,1,Clorinda Donovan
1301,Raven,Curtis,1,Raven Curtis
1302,Verda,Gilbert,1,Verda Gilbert
1303,Renay,Atkins,1,Renay Atkins
1304,Tama,Berg,1,Tama Berg
1305,Dalia,Carson,1,Dalia Carson
1306,America,Swanson,1,America Swanson
1307,Cinda,Rocha,1,Cinda Rocha
1308,Shea,Howell,1,Shea Howell
1309,Kimberli,Cline,1,Kimberli Cline
1310,Emanuel,Mckee,1,Emanuel Mckee
1311,Whitley,Cannon,1,Whitley Cannon
1312,Tereasa,Bird,1,Tereasa Bird
1313,Dante,Grimes,1,Dante Grimes
1314,Joeann,Garrison,1,Joeann Garrison
1315,Omega,Johnston,1,Omega Johnston
1316,Conrad,Mueller,1,Conrad Mueller
1317,Glady,Wells,1,Glady Wells
1318,Tisha,Petty,1,Tisha Petty
1319,Claris,Santiago,1,Claris Santiago
1320,Obdulia,Barber,1,Obdulia Barber
1321,Shantel,Gregory,1,Shantel Gregory
1322,Ai,Forbes,1,Ai Forbes
1323,Ebony,Cotton,1,Ebony Cotton
1324,Arla,Ellis,1,Arla Ellis
1325,Magdalena,Sherman,1,Magdalena Sherman
1326,Tarra,Guerrero,1,Tarra Guerrero
1327,Consuela,Romero,1,Consuela Romero
1328,Cindie,Franklin,1,Cindie Franklin
1329,Sharyn,Brewer,1,Sharyn Brewer
1330,Karren,Stevenson,1,Karren Stevenson
1331,Divina,Reeves,1,Divina Reeves
1332,Novella,Ross,1,Novella Ross
1333,Omega,Huff,1,Omega Huff
1334,Ashleigh,Finch,1,Ashleigh Finch
1335,Corina,Lynch,1,Corina Lynch
1336,Joe,Melton,1,Joe Melton
1337,Bernetta,Summers,1,Bernetta Summers
1338,Inez,Snider,1,Inez Snider
1339,Neida,King,1,Neida King
1340,Tona,Velasquez,1,Tona Velasquez
1341,Rozanne,Reyes,1,Rozanne Reyes
1342,Lekisha,Pope,1,Lekisha Pope
1343,Jama,Rodriquez,1,Jama Rodriquez
1344,Eloisa,Tucker,1,Eloisa Tucker
1345,Arie,Hunter,1,Arie Hunter
1346,Sanora,Webster,1,Sanora Webster
1347,Kate,Barber,1,Kate Barber
1348,Yvone,Guerrero,1,Yvone Guerrero
1349,Kami,Rios,1,Kami Rios
1350,Annett,Rush,1,Annett Rush
1351,Carman,Hardy,1,Carman Hardy
1352,Dorothea,Miranda,1,Dorothea Miranda
1353,Agatha,Daniels,1,Agatha Daniels
1354,Alexandria,Zamora,1,Alexandria Zamora
1355,Thad,Gilliam,1,Thad Gilliam
1356,Inger,Jennings,1,Inger Jennings
1357,Karren,Lamb,1,Karren Lamb
1358,Noble,Glover,1,Noble Glover
1359,Octavia,Donaldson,1,Octavia Donaldson
1360,Latashia,Travis,1,Latashia Travis
1361,Destiny,Goodman,1,Destiny Goodman
1362,Christiana,Gross,1,Christiana Gross
1363,Nestor,Haynes,1,Nestor Haynes
1364,Grisel,Maynard,1,Grisel Maynard
1365,Shenna,Espinoza,1,Shenna Espinoza
1366,Trena,Rogers,1,Trena Rogers
1367,Lucile,Manning,1,Lucile Manning
1368,Veronique,Fulton,1,Veronique Fulton
1369,Starr,Schneider,1,Starr Schneider
1370,Rona,Rojas,1,Rona Rojas
1371,Pandora,Estes,1,Pandora Estes
1372,Renna,Williams,1,Renna Williams
1373,Lanora,Robbins,1,Lanora Robbins
1374,Juliane,Dillard,1,Juliane Dillard
1375,Carlena,Salinas,1,Carlena Salinas
1376,Kimberley,Reynolds,1,Kimberley Reynolds
1377,Johana,Jacobson,1,Johana Jacobson
1378,Enoch,Rosario,1,Enoch Rosario
1379,Dorine,Thornton,1,Dorine Thornton
1380,Eliz,Lynch,1,Eliz Lynch
1381,Mercedez,Brooks,1,Mercedez Brooks
1382,Wynona,Douglas,1,Wynona Douglas
1383,Desire,Mcgowan,1,Desire Mcgowan
1384,Elmo,Sweeney,1,Elmo Sweeney
1385,Kenton,Hughes,1,Kenton Hughes
1386,Cesar,Wilkins,1,Cesar Wilkins
1387,Phylicia,Stout,1,Phylicia Stout
1388,Nanette,Harris,1,Nanette Harris
1389,Ulrike,Chan,1,Ulrike Chan
1390,Genoveva,Lloyd,1,Genoveva Lloyd
1391,Sheryl,Chase,1,Sheryl Chase
1392,Trista,Lambert,1,Trista Lambert
1393,Vivian,Deleon,1,Vivian Deleon
1394,Genny,Fields,1,Genny Fields
1395,Eliseo,Knight,1,Eliseo Knight
1396,Delma,Bailey,1,Delma Bailey
1397,Dewayne,Herring,1,Dewayne Herring
1398,Nevada,Hood,1,Nevada Hood
1399,Angelika,Perry,1,Angelika Perry
1400,Shayla,Hart,1,Shayla Hart
1401,Willetta,Murphy,1,Willetta Murphy
1402,Sandee,Alvarado,1,Sandee Alvarado
1403,Mila,Moody,1,Mila Moody
1404,Loyce,Conway,1,Loyce Conway
1405,Thanh,Figueroa,1,Thanh Figueroa
1406,Farrah,Orr,1,Farrah Orr
1407,Hugh,Craft,1,Hugh Craft
1408,Eleanor,Mendez,1,Eleanor Mendez
1409,Lamar,Bush,1,Lamar Bush
1410,Lurlene,Finch,1,Lurlene Finch
1411,Shanda,Stevenson,1,Shanda Stevenson
1412,Adrien,Hunter,1,Adrien Hunter
1413,Ophelia,Decker,1,Ophelia Decker
1414,Sonja,Walls,1,Sonja Walls
1415,Harold,O'connor,1,Harold O'connor
1416,Miranda,Kennedy,1,Miranda Kennedy
1417,Jasper,Castro,1,Jasper Castro
1418,Penni,Best,1,Penni Best
1419,Lurlene,Cotton,1,Lurlene Cotton
1420,Kelsey,Noble,1,Kelsey Noble
1421,Edris,Barrett,1,Edris Barrett
1422,Tempie,Jacobson,1,Tempie Jacobson
1423,Dollie,Cervantes,1,Dollie Cervantes
1424,Lashunda,Cole,1,Lashunda Cole
1425,Justina,Jenkins,1,Justina Jenkins
1426,Londa,Gould,1,Londa Gould
1427,Mikel,Wilkerson,1,Mikel Wilkerson
1428,Carola,Johns,1,Carola Johns
1429,Lorrie,Justice,1,Lorrie Justice
1430,Tayna,Wade,1,Tayna Wade
1431,Mark,Benton,1,Mark Benton
1432,Zona,Cameron,1,Zona Cameron
1433,Nicola,Knight,1,Nicola Knight
1434,Elana,Miles,1,Elana Miles
1435,Merrie,Fowler,1,Merrie Fowler
1436,Macie,Ayers,1,Macie Ayers
1437,Son,Warner,1,Son Warner
1438,Lee,Dunn,1,Lee Dunn
1439,Florrie,Little,1,Florrie Little
1440,Ernest,Rollins,1,Ernest Rollins
1441,Jamaal,Morrison,1,Jamaal Morrison
1442,Cassie,Cline,1,Cassie Cline
1443,Lezlie,Lamb,1,Lezlie Lamb
1444,Ivette,Estes,1,Ivette Estes
1445,Ester,Acevedo,1,Ester Acevedo
