customer_id,first_name,last_name,email
1,Debra,Burks,debra.burks@yahoo.com
2,Kasha,Todd,kasha.todd@yahoo.com
3,Tameka,Fisher,tameka.fisher@aol.com
4,Daryl,Spence,daryl.spence@aol.com
6,Lyndsey,Bean,lyndsey.bean@hotmail.com
8,Jacquline,Duncan,jacquline.duncan@yahoo.com
9,Genoveva,Baldwin,genoveva.baldwin@msn.com
10,Pamelia,Newman,pamelia.newman@gmail.com
11,Deshawn,Mendoza,deshawn.mendoza@yahoo.com
13,Lashawn,Ortiz,lashawn.ortiz@msn.com
14,Garry,Espinoza,garry.espinoza@hotmail.com
15,Linnie,Branch,linnie.branch@gmail.com
17,Caren,Stephens,caren.stephens@msn.com
18,Georgetta,Hardin,georgetta.hardin@aol.com
19,Lizzette,Stein,lizzette.stein@yahoo.com
20,Aleta,Shepard,aleta.shepard@aol.com
21,Tobie,Little,tobie.little@gmail.com
22,Adelle,Larsen,adelle.larsen@gmail.com
23,Kaylee,English,kaylee.english@msn.com
24,Corene,Wall,corene.wall@msn.com
25,Regenia,Vaughan,regenia.vaughan@gmail.com
27,Santos,Valencia,santos.valencia@yahoo.com
28,Jeanice,Frost,jeanice.frost@hotmail.com
29,Syreeta,Hendricks,syreeta.hendricks@msn.com
30,Jamaal,Albert,jamaal.albert@gmail.com
32,Araceli,Golden,araceli.golden@msn.com
33,Deloris,Burke,deloris.burke@hotmail.com
34,Brittney,Woodward,brittney.woodward@aol.com
35,Guillermina,Noble,guillermina.noble@msn.com
36,Bernita,Mcdaniel,bernita.mcdaniel@hotmail.com
37,Melia,Brady,melia.brady@gmail.com
38,Zelma,Browning,zelma.browning@aol.com
40,Ronna,Butler,ronna.butler@gmail.com
41,Kathie,Freeman,kathie.freeman@msn.com
42,Tangela,Quinn,tangela.quinn@aol.com
44,Onita,Johns,onita.johns@msn.com
45,Bennett,Armstrong,bennett.armstrong@aol.com
46,Monika,Berg,monika.berg@gmail.com
47,Bridgette,Guerra,bridgette.guerra@hotmail.com
48,Cesar,Jackson,cesar.jackson@gmail.com
49,Caroll,Hays,caroll.hays@yahoo.com
50,Cleotilde,Booth,cleotilde.booth@gmail.com
51,Gertrud,Rhodes,gertrud.rhodes@aol.com
52,Tu,Ramirez,tu.ramirez@hotmail.com
53,Saturnina,Garner,saturnina.garner@gmail.com
54,Fran,Yang,fran.yang@hotmail.com
55,Diana,Guerra,diana.guerra@hotmail.com
57,Pamala,Henry,pamala.henry@aol.com
58,Damien,Dorsey,damien.dorsey@yahoo.com
59,Latasha,Stanley,latasha.stanley@gmail.com
60,Neil,Mccall,neil.mccall@gmail.com
61,Elinore,Aguilar,elinore.aguilar@msn.com
62,Alica,Hunter,alica.hunter@hotmail.com
63,Tenisha,Lyons,tenisha.lyons@aol.com
64,Bobbie,Foster,bobbie.foster@yahoo.com
65,Kanesha,Vega,kanesha.vega@gmail.com
66,Lorrie,Becker,lorrie.becker@yahoo.com
68,Jayne,Kirkland,jayne.kirkland@hotmail.com
69,Katelin,Kennedy,katelin.kennedy@gmail.com
70,Tomasa,Carson,tomasa.carson@aol.com
71,Takako,Casey,takako.casey@aol.com
72,Petronila,Norris,petronila.norris@aol.com
73,Melanie,Hayes,melanie.hayes@msn.com
74,Georgeann,Waller,georgeann.waller@yahoo.com
75,Abby,Gamble,abby.gamble@aol.com
76,Parker,Prince,parker.prince@hotmail.com
77,Keri,Bridges,keri.bridges@gmail.com
78,Chi,Goff,chi.goff@aol.com
79,Ashanti,Parks,ashanti.parks@hotmail.com
81,Zina,Bonner,zina.bonner@hotmail.com
82,Lizzie,Joyner,lizzie.joyner@msn.com
83,Tiesha,Daniel,tiesha.daniel@yahoo.com
84,Armand,Whitehead,armand.whitehead@hotmail.com
85,Teofila,Fischer,teofila.fischer@aol.com
86,Lissa,Vargas,lissa.vargas@yahoo.com
87,Yan,Mcgowan,yan.mcgowan@msn.com
88,Titus,Bullock,titus.bullock@gmail.com
89,Arvilla,Osborn,arvilla.osborn@gmail.com
90,Marjorie,Logan,marjorie.logan@msn.com
92,Tena,Cruz,tena.cruz@yahoo.com
94,Sharyn,Hopkins,sharyn.hopkins@hotmail.com
95,Letitia,Franco,letitia.franco@aol.com
96,Floretta,Higgins,floretta.higgins@hotmail.com
97,Louanne,Martin,louanne.martin@hotmail.com
98,Violet,Valenzuela,violet.valenzuela@msn.com
99,Carie,Kidd,carie.kidd@yahoo.com
100,Kellie,Franco,kellie.franco@yahoo.com
101,Nichelle,Howell,nichelle.howell@aol.com
102,Marisol,Goodman,marisol.goodman@gmail.com
103,Sylvie,Wilkerson,sylvie.wilkerson@yahoo.com
104,Katharina,Bates,katharina.bates@gmail.com
105,Marget,Hodge,marget.hodge@msn.com
106,Raul,Melendez,raul.melendez@hotmail.com
107,Cecil,Hopper,cecil.hopper@yahoo.com
108,Shae,Hickman,shae.hickman@hotmail.com
111,Shila,White,shila.white@msn.com
112,Yuk,Vega,yuk.vega@yahoo.com
113,Eliana,Silva,eliana.silva@gmail.com
114,Thalia,Horne,thalia.horne@yahoo.com
115,Rey,Lindsay,rey.lindsay@gmail.com
116,Merlene,Vinson,merlene.vinson@gmail.com
117,Dacia,William,dacia.william@msn.com
118,Le,Wood,le.wood@yahoo.com
119,Thalia,Dillard,thalia.dillard@yahoo.com
121,Lucy,Woods,lucy.woods@gmail.com
122,Shena,Carter,shena.carter@yahoo.com
124,Jeni,Booker,jeni.booker@gmail.com
125,Herlinda,Stone,herlinda.stone@msn.com
126,Lavina,Dejesus,lavina.dejesus@msn.com
127,Erlinda,Nielsen,erlinda.nielsen@aol.com
128,Terrance,Lynn,terrance.lynn@yahoo.com
129,Walton,Dejesus,walton.dejesus@yahoo.com
131,Tanesha,Hampton,tanesha.hampton@hotmail.com
132,Boyd,Irwin,boyd.irwin@hotmail.com
133,Delbert,Wilkins,delbert.wilkins@aol.com
136,Sarita,Parks,sarita.parks@msn.com
137,Shonta,Mercer,shonta.mercer@aol.com
139,Wanita,Davenport,wanita.davenport@aol.com
140,Cleopatra,Tate,cleopatra.tate@aol.com
141,Ramiro,Byers,ramiro.byers@gmail.com
142,Nicholas,Vazquez,nicholas.vazquez@hotmail.com
143,Janae,Doyle,janae.doyle@gmail.com
144,Hans,Price,hans.price@hotmail.com
145,Miquel,Neal,miquel.neal@hotmail.com
146,Stefany,Potter,stefany.potter@gmail.com
147,Bernetta,Marquez,bernetta.marquez@hotmail.com
148,Julee,Woodard,julee.woodard@yahoo.com
149,Meredith,Bryan,meredith.bryan@hotmail.com
150,Weldon,Michael,weldon.michael@hotmail.com
151,Joesph,Delacruz,joesph.delacruz@aol.com
152,Katherina,Odom,katherina.odom@yahoo.com
153,Laraine,Robbins,laraine.robbins@yahoo.com
154,Jenise,Preston,jenise.preston@yahoo.com
155,Lory,Page,lory.page@hotmail.com
156,Charlyn,Cantrell,charlyn.cantrell@yahoo.com
157,Carola,Rodriquez,carola.rodriquez@hotmail.com
158,Alane,Kennedy,alane.kennedy@yahoo.com
159,Regina,Burns,regina.burns@aol.com
160,Omer,Estrada,omer.estrada@gmail.com
161,Crystle,Gilliam,crystle.gilliam@yahoo.com
162,Kam,Wilder,kam.wilder@hotmail.com
163,Margert,Stevens,margert.stevens@aol.com
164,Tomika,Larson,tomika.larson@yahoo.com
166,Lena,Mills,lena.mills@yahoo.com
167,Loreta,Johnston,loreta.johnston@yahoo.com
168,Nettie,Mcdaniel,nettie.mcdaniel@hotmail.com
169,Karla,Kirk,karla.kirk@yahoo.com
171,Miriam,Baker,miriam.baker@hotmail.com
172,Jeanie,Kirkland,jeanie.kirkland@aol.com
173,Marquerite,Dawson,marquerite.dawson@gmail.com
174,Babara,Ochoa,babara.ochoa@aol.com
175,Nova,Hess,nova.hess@msn.com
176,Carley,Reynolds,carley.reynolds@gmail.com
177,Carissa,Foreman,carissa.foreman@msn.com
179,Deane,Sears,deane.sears@hotmail.com
180,Karey,Steele,karey.steele@gmail.com
181,Olevia,Pitts,olevia.pitts@gmail.com
182,Jenniffer,Bullock,jenniffer.bullock@msn.com
183,Jeniffer,Ratliff,jeniffer.ratliff@gmail.com
184,Klara,Stanley,klara.stanley@aol.com
185,Morton,Lee,morton.lee@yahoo.com
186,Ken,Charles,ken.charles@msn.com
187,Hedwig,Paul,hedwig.paul@msn.com
189,Damian,Dawson,damian.dawson@hotmail.com
192,Bong,Hebert,bong.hebert@gmail.com
193,Ayanna,Rhodes,ayanna.rhodes@msn.com
194,Dorine,Roberson,dorine.roberson@msn.com
195,Addie,Hahn,addie.hahn@hotmail.com
196,Edythe,Valencia,edythe.valencia@yahoo.com
197,Andy,O'neill,andy.o'neill@msn.com
198,Luis,Tyler,luis.tyler@gmail.com
199,Clelia,Workman,clelia.workman@yahoo.com
200,Ashely,Holmes,ashely.holmes@aol.com
201,Candis,Harding,candis.harding@gmail.com
204,Alpha,King,alpha.king@hotmail.com
205,Harris,Pittman,harris.pittman@yahoo.com
206,Stephaine,Riddle,stephaine.riddle@hotmail.com
207,Michel,Blankenship,michel.blankenship@msn.com
208,Denis,Logan,denis.logan@msn.com
209,Jutta,Everett,jutta.everett@gmail.com
211,Gilma,Dejesus,gilma.dejesus@yahoo.com
213,Elenore,Hensley,elenore.hensley@hotmail.com
214,Ross,Pugh,ross.pugh@msn.com
215,Judith,Finley,judith.finley@hotmail.com
216,Wai,Soto,wai.soto@msn.com
218,Casey,Gill,casey.gill@gmail.com
220,Lucio,Sherman,lucio.sherman@gmail.com
221,Clementine,Mooney,clementine.mooney@yahoo.com
222,Anya,Contreras,anya.contreras@msn.com
223,Scarlet,Yates,scarlet.yates@hotmail.com
224,Moses,Pope,moses.pope@yahoo.com
225,Barbera,Riggs,barbera.riggs@aol.com
226,Kiana,Rivera,kiana.rivera@gmail.com
227,Danielle,Bond,danielle.bond@msn.com
229,Molly,Langley,molly.langley@aol.com
230,Chelsey,Hardin,chelsey.hardin@hotmail.com
232,Freddie,Mathis,freddie.mathis@hotmail.com
233,Mariana,Strong,mariana.strong@msn.com
234,Winfred,Harris,winfred.harris@msn.com
235,Jeromy,Elliott,jeromy.elliott@gmail.com
236,Verona,O'neill,verona.o'neill@hotmail.com
237,Elvera,Peck,elvera.peck@yahoo.com
238,Cindi,Larson,cindi.larson@msn.com
239,Felice,Guzman,felice.guzman@hotmail.com
240,Le,Deleon,le.deleon@msn.com
241,Manie,Sanchez,manie.sanchez@hotmail.com
242,Rutha,Howell,rutha.howell@gmail.com
243,Natosha,Rowland,natosha.rowland@aol.com
244,Jessika,Bray,jessika.bray@yahoo.com
245,Delila,Hamilton,delila.hamilton@yahoo.com
246,Dionne,Norris,dionne.norris@yahoo.com
247,Muriel,Juarez,muriel.juarez@gmail.com
248,Cecelia,Gill,cecelia.gill@aol.com
249,Magda,Eaton,magda.eaton@aol.com
251,Kasie,Rodriquez,kasie.rodriquez@aol.com
252,Eleni,Gordon,eleni.gordon@hotmail.com
253,Maurice,Norton,maurice.norton@hotmail.com
254,Cristobal,Hutchinson,cristobal.hutchinson@gmail.com
255,Flossie,Holder,flossie.holder@msn.com
256,Erma,Salinas,erma.salinas@gmail.com
257,Earl,Stanley,earl.stanley@gmail.com
258,Maribel,William,maribel.william@aol.com
259,Johnathan,Velazquez,johnathan.velazquez@hotmail.com
260,Rodrick,Shelton,rodrick.shelton@hotmail.com
261,Ferne,Kline,ferne.kline@hotmail.com
264,Mariela,Huffman,mariela.huffman@gmail.com
265,Mellisa,Farley,mellisa.farley@yahoo.com
266,Myung,Hooper,myung.hooper@gmail.com
267,Angelina,Lloyd,angelina.lloyd@yahoo.com
268,Trinity,Riddle,trinity.riddle@aol.com
269,Barton,Crosby,barton.crosby@msn.com
270,Claudio,Wise,claudio.wise@hotmail.com
271,Katheleen,Marks,katheleen.marks@yahoo.com
272,Deja,Chaney,deja.chaney@hotmail.com
273,Queenie,Vance,queenie.vance@gmail.com
274,Josh,Shaw,josh.shaw@gmail.com
275,Pinkie,Kirkland,pinkie.kirkland@yahoo.com
276,Lavette,Wright,lavette.wright@msn.com
277,Mark,Garrett,mark.garrett@msn.com
278,Myesha,Burgess,myesha.burgess@gmail.com
279,Justina,Long,justina.long@aol.com
280,Brenda,Tate,brenda.tate@msn.com
281,Rayna,Perry,rayna.perry@hotmail.com
282,Randolph,Chase,randolph.chase@yahoo.com
283,Jaimee,Day,jaimee.day@aol.com
284,Susann,Bass,susann.bass@msn.com
285,Leola,Gould,leola.gould@gmail.com
286,Virgil,Frost,virgil.frost@gmail.com
288,Keturah,Massey,keturah.massey@msn.com
289,Charmain,Webster,charmain.webster@hotmail.com
290,Barry,Buckner,barry.buckner@gmail.com
291,Boyce,Burks,boyce.burks@gmail.com
293,Tiny,French,tiny.french@hotmail.com
294,Clementina,Sargent,clementina.sargent@hotmail.com
295,Danny,Kim,danny.kim@msn.com
296,Sophia,Mcmillan,sophia.mcmillan@msn.com
297,Christia,Carson,christia.carson@gmail.com
298,Jennie,Middleton,jennie.middleton@gmail.com
299,Jame,Riggs,jame.riggs@hotmail.com
300,Rayford,Simon,rayford.simon@msn.com
301,Annett,Garrett,annett.garrett@yahoo.com
302,Hayden,Cross,hayden.cross@gmail.com
303,Rolanda,Larsen,rolanda.larsen@yahoo.com
304,Jayme,Zamora,jayme.zamora@gmail.com
305,Hope,Cotton,hope.cotton@aol.com
306,Vikki,Erickson,vikki.erickson@yahoo.com
307,Fransisca,Nicholson,fransisca.nicholson@aol.com
308,Mazie,Fernandez,mazie.fernandez@hotmail.com
309,Anderson,Martin,anderson.martin@hotmail.com
310,Gilberto,Parsons,gilberto.parsons@gmail.com
312,Cameron,Carroll,cameron.carroll@yahoo.com
313,Melani,Jarvis,melani.jarvis@hotmail.com
314,Javier,Nichols,javier.nichols@msn.com
315,Justina,Jenkins,justina.jenkins@yahoo.com
316,Hortencia,Graham,hortencia.graham@aol.com
317,Christia,Wilkins,christia.wilkins@msn.com
318,Eliz,Whitney,eliz.whitney@msn.com
319,Justin,Newton,justin.newton@hotmail.com
321,Chere,Hardin,chere.hardin@yahoo.com
322,Merideth,Preston,merideth.preston@yahoo.com
323,Jeniffer,Slater,jeniffer.slater@aol.com
324,Laureen,Paul,laureen.paul@yahoo.com
325,Berna,Moore,berna.moore@hotmail.com
326,Shiela,Calderon,shiela.calderon@msn.com
328,Bettie,Glover,bettie.glover@gmail.com
329,Marilyn,Frank,marilyn.frank@aol.com
330,Sheba,Knapp,sheba.knapp@aol.com
331,Aleta,Mack,aleta.mack@yahoo.com
332,Reena,Higgins,reena.higgins@gmail.com
333,Ami,Mcmahon,ami.mcmahon@aol.com
334,Somer,Jordan,somer.jordan@msn.com
335,Scarlet,Reed,scarlet.reed@hotmail.com
337,Majorie,Wyatt,majorie.wyatt@yahoo.com
338,Abbey,Pugh,abbey.pugh@gmail.com
339,Tamela,Harrell,tamela.harrell@aol.com
340,Yanira,Bradshaw,yanira.bradshaw@gmail.com
341,Delana,Scott,delana.scott@yahoo.com
342,Cassondra,Pruitt,cassondra.pruitt@aol.com
343,Jesica,Fields,jesica.fields@yahoo.com
344,Herta,Rollins,herta.rollins@msn.com
346,Jacalyn,Barnett,jacalyn.barnett@gmail.com
348,Darren,Witt,darren.witt@aol.com
349,Mable,Pratt,mable.pratt@gmail.com
350,Christoper,Mccall,christoper.mccall@msn.com
351,Margorie,Wynn,margorie.wynn@gmail.com
352,Josef,Greer,josef.greer@gmail.com
353,Tisa,Whitney,tisa.whitney@yahoo.com
354,Tonda,Armstrong,tonda.armstrong@aol.com
355,Arvilla,Weiss,arvilla.weiss@msn.com
356,Vashti,Rosario,vashti.rosario@yahoo.com
358,Kandace,Giles,kandace.giles@msn.com
359,Angie,Powers,angie.powers@aol.com
361,Virgina,Berg,virgina.berg@yahoo.com
362,Olevia,Noel,olevia.noel@yahoo.com
363,Kaci,Gallegos,kaci.gallegos@gmail.com
364,Bev,Chang,bev.chang@yahoo.com
365,Rodger,Rojas,rodger.rojas@yahoo.com
366,Lavonne,Anderson,lavonne.anderson@aol.com
367,Blanca,Hooper,blanca.hooper@msn.com
368,Alysha,Powers,alysha.powers@msn.com
369,Mary,Singleton,mary.singleton@hotmail.com
370,Jina,Cooper,jina.cooper@aol.com
371,Loni,Duncan,loni.duncan@gmail.com
372,Collene,Roman,collene.roman@aol.com
373,Mariette,Trevino,mariette.trevino@aol.com
374,Candelaria,Coffey,candelaria.coffey@aol.com
375,Yan,Trevino,yan.trevino@gmail.com
376,Elanor,Patrick,elanor.patrick@aol.com
377,Klara,Mosley,klara.mosley@gmail.com
378,Rosalba,O'neal,rosalba.o'neal@yahoo.com
379,Mina,Carrillo,mina.carrillo@aol.com
380,Alesia,Horne,alesia.horne@aol.com
381,Kristen,Alvarez,kristen.alvarez@aol.com
382,Collin,Webster,collin.webster@aol.com
383,Ashlee,Pena,ashlee.pena@aol.com
384,Aimee,Merritt,aimee.merritt@yahoo.com
385,Rochelle,Ward,rochelle.ward@yahoo.com
386,Nelle,Beck,nelle.beck@aol.com
387,Kaila,Walters,kaila.walters@msn.com
388,Aleta,Stone,aleta.stone@aol.com
389,Leif,Short,leif.short@gmail.com
390,Lorrie,Pollard,lorrie.pollard@yahoo.com
391,Vernita,Ball,vernita.ball@gmail.com
392,Cyndi,Bush,cyndi.bush@gmail.com
393,Gertrude,Terry,gertrude.terry@hotmail.com
394,Virgen,Clemons,virgen.clemons@gmail.com
395,Fairy,Robinson,fairy.robinson@msn.com
396,Laverna,Hernandez,laverna.hernandez@hotmail.com
397,Jeannie,Wilcox,jeannie.wilcox@yahoo.com
398,Suellen,Mercado,suellen.mercado@yahoo.com
399,Bart,Hess,bart.hess@aol.com
400,Alfredo,Dodson,alfredo.dodson@hotmail.com
401,Shaunda,Barnett,shaunda.barnett@gmail.com
402,Kerrie,Morton,kerrie.morton@hotmail.com
403,Elouise,Fry,elouise.fry@aol.com
404,Augustus,Steele,augustus.steele@aol.com
405,Greta,Page,greta.page@hotmail.com
406,Kerrie,O'neill,kerrie.o'neill@gmail.com
407,Dannette,Guerrero,dannette.guerrero@gmail.com
408,Edra,Fitzgerald,edra.fitzgerald@msn.com
409,Jerome,Bolton,jerome.bolton@msn.com
410,Conception,Slater,conception.slater@gmail.com
412,Dexter,Roberts,dexter.roberts@gmail.com
413,Ginette,Edwards,ginette.edwards@hotmail.com
414,Romaine,Haley,romaine.haley@aol.com
415,Gwendolyn,Miller,gwendolyn.miller@msn.com
417,Zoraida,Patton,zoraida.patton@aol.com
419,Krystin,Marshall,krystin.marshall@hotmail.com
420,Vince,Schneider,vince.schneider@hotmail.com
421,Iola,Rasmussen,iola.rasmussen@yahoo.com
422,Valery,Saunders,valery.saunders@msn.com
423,Johna,Powers,johna.powers@hotmail.com
424,Charleen,Hurst,charleen.hurst@yahoo.com
425,Augustina,Joyner,augustina.joyner@aol.com
426,Daisy,Ward,daisy.ward@msn.com
427,Latonya,Dixon,latonya.dixon@hotmail.com
428,Hipolito,Padilla,hipolito.padilla@hotmail.com
429,Emmett,Casey,emmett.casey@yahoo.com
430,Kandi,Mcneil,kandi.mcneil@msn.com
431,Luciano,Marsh,luciano.marsh@aol.com
432,Julius,Holt,julius.holt@aol.com
433,Holly,Nieves,holly.nieves@aol.com
434,Douglass,Little,douglass.little@hotmail.com
435,Izola,Hobbs,izola.hobbs@gmail.com
436,Honey,Camacho,honey.camacho@gmail.com
437,Laureen,Barry,laureen.barry@yahoo.com
438,Katharine,Herrera,katharine.herrera@hotmail.com
439,Sunshine,Rosario,sunshine.rosario@aol.com
440,Yevette,Todd,yevette.todd@aol.com
441,Dorthea,Walker,dorthea.walker@aol.com
444,Caridad,Compton,caridad.compton@aol.com
445,Earline,Ballard,earline.ballard@hotmail.com
446,Nathanael,Bradley,nathanael.bradley@aol.com
447,Chasidy,Tran,chasidy.tran@msn.com
449,Josie,Schultz,josie.schultz@hotmail.com
450,Ellsworth,Michael,ellsworth.michael@yahoo.com
451,Jennette,Wooten,jennette.wooten@msn.com
452,Cassandra,Nichols,cassandra.nichols@yahoo.com
453,Courtney,Wyatt,courtney.wyatt@gmail.com
454,Terese,Palmer,terese.palmer@hotmail.com
455,Sherita,Cherry,sherita.cherry@gmail.com
456,Serina,Hensley,serina.hensley@yahoo.com
457,Jeni,Farley,jeni.farley@aol.com
458,Everett,Vega,everett.vega@yahoo.com
460,Romelia,Myers,romelia.myers@msn.com
462,Efren,Oliver,efren.oliver@gmail.com
463,Jerlene,Rios,jerlene.rios@yahoo.com
464,Bess,Mcbride,bess.mcbride@yahoo.com
466,Collen,Hayes,collen.hayes@yahoo.com
467,Clare,Neal,clare.neal@msn.com
468,Jeanett,Herman,jeanett.herman@hotmail.com
469,Micki,Rutledge,micki.rutledge@aol.com
470,Loise,Walker,loise.walker@aol.com
471,Burma,Summers,burma.summers@yahoo.com
472,Myron,Ruiz,myron.ruiz@gmail.com
473,Lashawna,Richardson,lashawna.richardson@hotmail.com
474,Lavern,Orr,lavern.orr@hotmail.com
475,Alec,Peck,alec.peck@hotmail.com
476,Christopher,Richardson,christopher.richardson@gmail.com
477,Arminda,Weber,arminda.weber@yahoo.com
478,Emmett,Hahn,emmett.hahn@hotmail.com
479,Gertha,Mejia,gertha.mejia@yahoo.com
480,Garland,Weaver,garland.weaver@gmail.com
481,Jayson,Rutledge,jayson.rutledge@yahoo.com
482,Narcisa,Knapp,narcisa.knapp@aol.com
483,Gayla,Sims,gayla.sims@gmail.com
484,Chelsey,Boyd,chelsey.boyd@yahoo.com
485,Catherine,Miles,catherine.miles@msn.com
486,Valeri,Marshall,valeri.marshall@hotmail.com
487,Grace,Madden,grace.madden@gmail.com
489,Kirstie,Vazquez,kirstie.vazquez@gmail.com
490,Yu,Mcdonald,yu.mcdonald@aol.com
491,Celestine,Jacobs,celestine.jacobs@gmail.com
492,Justa,Thompson,justa.thompson@aol.com
493,Lise,Alvarado,lise.alvarado@gmail.com
494,Pearl,Fox,pearl.fox@yahoo.com
495,Travis,Goodman,travis.goodman@yahoo.com
496,Shu,Mays,shu.mays@gmail.com
497,Ezra,Fowler,ezra.fowler@hotmail.com
498,Edda,Young,edda.young@gmail.com
499,Lidia,Ashley,lidia.ashley@hotmail.com
500,Moira,Lester,moira.lester@msn.com
502,Malinda,Baxter,malinda.baxter@yahoo.com
503,Marlo,Jefferson,marlo.jefferson@gmail.com
504,Tiana,Henderson,tiana.henderson@aol.com
505,Wilda,Petersen,wilda.petersen@aol.com
506,Irving,Pitts,irving.pitts@msn.com
507,Sheree,Pena,sheree.pena@yahoo.com
509,Terra,Pickett,terra.pickett@aol.com
510,Faustino,Delacruz,faustino.delacruz@msn.com
512,Hee,Greer,hee.greer@hotmail.com
513,Whitney,Cash,whitney.cash@gmail.com
514,Clarita,Curry,clarita.curry@hotmail.com
515,Reita,Dickson,reita.dickson@hotmail.com
516,Rosa,Kinney,rosa.kinney@yahoo.com
517,Buford,Gilbert,buford.gilbert@yahoo.com
518,Homer,Powers,homer.powers@msn.com
519,Rudolf,Gilliam,rudolf.gilliam@aol.com
520,Andreas,Herman,andreas.herman@msn.com
521,Max,Charles,max.charles@gmail.com
523,Joshua,Robertson,joshua.robertson@gmail.com
524,Larraine,Horn,larraine.horn@msn.com
525,Andreas,Mayer,andreas.mayer@hotmail.com
526,Lazaro,Moran,lazaro.moran@gmail.com
527,Afton,Juarez,afton.juarez@gmail.com
529,Ellena,Clements,ellena.clements@aol.com
530,Selene,Austin,selene.austin@msn.com
532,Mia,Delgado,mia.delgado@yahoo.com
534,Alejandro,Haney,alejandro.haney@msn.com
536,Christiane,Bradford,christiane.bradford@gmail.com
537,Carter,Bentley,carter.bentley@yahoo.com
538,Sherie,Ayala,sherie.ayala@msn.com
539,Jamika,Acevedo,jamika.acevedo@yahoo.com
540,Shery,Randolph,shery.randolph@hotmail.com
541,Lanita,Burton,lanita.burton@msn.com
542,Timothy,Byers,timothy.byers@msn.com
543,Jasmin,Young,jasmin.young@gmail.com
544,Catarina,Mendez,catarina.mendez@hotmail.com
545,Tajuana,Rollins,tajuana.rollins@msn.com
547,Tena,Huber,tena.huber@gmail.com
548,Dori,Alvarez,dori.alvarez@msn.com
550,Felicidad,Golden,felicidad.golden@yahoo.com
552,Lea,Key,lea.key@yahoo.com
553,Rory,Cooper,rory.cooper@gmail.com
554,Hilde,Nieves,hilde.nieves@gmail.com
555,Marry,Benjamin,marry.benjamin@yahoo.com
556,Vernell,Goff,vernell.goff@msn.com
557,Erlene,Cook,erlene.cook@gmail.com
558,Carroll,Kelly,carroll.kelly@yahoo.com
560,Tricia,Daniels,tricia.daniels@gmail.com
561,Kandace,Hughes,kandace.hughes@hotmail.com
562,Alejandro,Norman,alejandro.norman@yahoo.com
563,Rodney,Odom,rodney.odom@yahoo.com
564,Bettie,Pierce,bettie.pierce@gmail.com
565,Dagny,Owen,dagny.owen@hotmail.com
566,Cinthia,Poole,cinthia.poole@aol.com
567,Sheila,Travis,sheila.travis@yahoo.com
568,Arcelia,Vinson,arcelia.vinson@gmail.com
569,Lucas,Estes,lucas.estes@yahoo.com
570,Marissa,Summers,marissa.summers@msn.com
571,Kaley,Blanchard,kaley.blanchard@msn.com
572,Wm,Pope,wm.pope@msn.com
574,Adriene,Rivera,adriene.rivera@hotmail.com
575,Laurence,Christian,laurence.christian@gmail.com
577,Danille,Mcfarland,danille.mcfarland@msn.com
578,Salena,Day,salena.day@msn.com
579,Matilda,Larson,matilda.larson@hotmail.com
581,Vonda,Berger,vonda.berger@yahoo.com
582,Soledad,Moses,soledad.moses@yahoo.com
585,Chasidy,Webster,chasidy.webster@msn.com
586,Ulysses,Gaines,ulysses.gaines@aol.com
587,Euna,Lopez,euna.lopez@gmail.com
588,Cherelle,Key,cherelle.key@msn.com
589,Jeffry,Church,jeffry.church@msn.com
590,Cyndi,Dyer,cyndi.dyer@msn.com
591,Danilo,Holmes,danilo.holmes@gmail.com
592,Joni,Lee,joni.lee@gmail.com
593,Antony,Atkinson,antony.atkinson@msn.com
594,Deanne,Parsons,deanne.parsons@aol.com
595,Frederica,Rojas,frederica.rojas@yahoo.com
596,Emelda,Dickerson,emelda.dickerson@aol.com
597,Rudolf,Moran,rudolf.moran@gmail.com
598,Benito,Hendrix,benito.hendrix@gmail.com
599,Jonell,Rivas,jonell.rivas@msn.com
601,Leland,Mcdowell,leland.mcdowell@gmail.com
602,Delaine,Estes,delaine.estes@yahoo.com
603,Genevieve,Juarez,genevieve.juarez@gmail.com
604,Kylee,Dickson,kylee.dickson@gmail.com
605,Renita,Henry,renita.henry@msn.com
606,Sarah,Kirkland,sarah.kirkland@aol.com
607,Paul,Lester,paul.lester@gmail.com
608,Taisha,Vang,taisha.vang@yahoo.com
609,Eliana,Reese,eliana.reese@hotmail.com
610,Leonore,Dorsey,leonore.dorsey@yahoo.com
611,Ashleigh,Frank,ashleigh.frank@gmail.com
612,Gabriel,Wagner,gabriel.wagner@msn.com
613,Margene,Eaton,margene.eaton@yahoo.com
614,Toshia,Cardenas,toshia.cardenas@gmail.com
615,Jamika,Blanchard,jamika.blanchard@gmail.com
616,Shery,Acosta,shery.acosta@yahoo.com
617,Jenna,Saunders,jenna.saunders@aol.com
618,Skye,Pope,skye.pope@yahoo.com
620,Eric,Hardin,eric.hardin@gmail.com
621,Basil,Ballard,basil.ballard@yahoo.com
622,Gabriel,Pitts,gabriel.pitts@gmail.com
623,Cayla,Johnson,cayla.johnson@msn.com
625,Donnetta,Henson,donnetta.henson@hotmail.com
626,Leigh,Burke,leigh.burke@hotmail.com
627,Deloris,Larson,deloris.larson@aol.com
628,Ehtel,Cobb,ehtel.cobb@hotmail.com
630,Zulema,Browning,zulema.browning@gmail.com
631,Tressa,Weiss,tressa.weiss@msn.com
632,Yvette,Rogers,yvette.rogers@aol.com
634,Taylor,Cole,taylor.cole@gmail.com
635,Myrtie,James,myrtie.james@yahoo.com
636,Ashton,Lott,ashton.lott@hotmail.com
637,Kara,Higgins,kara.higgins@aol.com
638,Tomeka,Higgins,tomeka.higgins@msn.com
639,Ronald,Parsons,ronald.parsons@msn.com
641,Derrick,Marks,derrick.marks@yahoo.com
642,Yang,Roth,yang.roth@aol.com
643,Melba,Wilkinson,melba.wilkinson@gmail.com
644,Valentin,Mclaughlin,valentin.mclaughlin@hotmail.com
646,Ann,Heath,ann.heath@msn.com
647,Janelle,Maldonado,janelle.maldonado@gmail.com
648,Catrice,Hicks,catrice.hicks@yahoo.com
649,Eli,Contreras,eli.contreras@hotmail.com
650,Rita,Bailey,rita.bailey@hotmail.com
651,Laure,Pena,laure.pena@yahoo.com
653,Florencio,Davenport,florencio.davenport@yahoo.com
655,Marylyn,Browning,marylyn.browning@msn.com
656,Romana,Barnes,romana.barnes@yahoo.com
657,Sam,Lester,sam.lester@gmail.com
658,Nicki,Larson,nicki.larson@yahoo.com
659,Antonetta,Rocha,antonetta.rocha@yahoo.com
660,Shara,Pope,shara.pope@msn.com
661,Trena,Hudson,trena.hudson@hotmail.com
662,Loraine,Sykes,loraine.sykes@yahoo.com
663,Alissa,Hood,alissa.hood@gmail.com
664,Augustus,Schmidt,augustus.schmidt@msn.com
666,Brittni,Green,brittni.green@msn.com
667,Etsuko,Garrison,etsuko.garrison@yahoo.com
668,Calandra,Stanton,calandra.stanton@aol.com
669,Willis,Randolph,willis.randolph@yahoo.com
670,Shawnda,Glover,shawnda.glover@gmail.com
671,Jennette,Baker,jennette.baker@gmail.com
672,Elma,Molina,elma.molina@msn.com
673,Adam,Henderson,adam.henderson@hotmail.com
674,Ira,Moore,ira.moore@gmail.com
676,Gayle,Wilkinson,gayle.wilkinson@yahoo.com
677,Launa,Hull,launa.hull@yahoo.com
678,Myron,Johns,myron.johns@msn.com
679,Tuan,Wolfe,tuan.wolfe@aol.com
681,Reatha,Perez,reatha.perez@aol.com
682,Arnita,Thomas,arnita.thomas@gmail.com
683,Amparo,Burks,amparo.burks@aol.com
684,Jenny,Bell,jenny.bell@hotmail.com
685,Laverne,Craft,laverne.craft@aol.com
686,Darcel,Harmon,darcel.harmon@msn.com
687,Cecilia,Camacho,cecilia.camacho@yahoo.com
688,Pearlie,Cochran,pearlie.cochran@msn.com
689,Deirdre,Ryan,deirdre.ryan@yahoo.com
690,Yevette,Elliott,yevette.elliott@aol.com
692,Dorothea,Chang,dorothea.chang@gmail.com
694,Lanie,Dunn,lanie.dunn@gmail.com
695,Christoper,Gould,christoper.gould@aol.com
696,Norine,Huffman,norine.huffman@aol.com
698,Charleen,Joyner,charleen.joyner@aol.com
699,Zella,Fernandez,zella.fernandez@yahoo.com
702,Sharie,Whitaker,sharie.whitaker@hotmail.com
703,Diana,Cobb,diana.cobb@hotmail.com
705,Camille,Harvey,camille.harvey@hotmail.com
706,Lolita,O'neill,lolita.o'neill@aol.com
707,Terese,Briggs,terese.briggs@msn.com
708,Majorie,Glover,majorie.glover@msn.com
709,Vinnie,Chan,vinnie.chan@aol.com
710,Ezra,Silva,ezra.silva@msn.com
711,Jovita,Bishop,jovita.bishop@aol.com
712,Kecia,Olsen,kecia.olsen@msn.com
713,Ilona,Spears,ilona.spears@gmail.com
714,Senaida,Thompson,senaida.thompson@msn.com
715,Larae,Carney,larae.carney@msn.com
716,Sebrina,Hart,sebrina.hart@yahoo.com
717,Kristofer,Craig,kristofer.craig@yahoo.com
718,Luciana,Mcgee,luciana.mcgee@msn.com
719,Nicki,Fry,nicki.fry@hotmail.com
721,Erlinda,Osborne,erlinda.osborne@yahoo.com
723,Vicki,Wiggins,vicki.wiggins@hotmail.com
724,Lois,Steele,lois.steele@yahoo.com
725,Carola,Mcpherson,carola.mcpherson@hotmail.com
726,Rochell,Cantrell,rochell.cantrell@yahoo.com
727,Kasha,Sullivan,kasha.sullivan@hotmail.com
728,Viva,Dawson,viva.dawson@yahoo.com
729,Hue,Dalton,hue.dalton@hotmail.com
730,Andria,Rivers,andria.rivers@aol.com
732,Lavona,Austin,lavona.austin@yahoo.com
733,Doreatha,Ford,doreatha.ford@yahoo.com
734,Alina,Mcleod,alina.mcleod@msn.com
735,Aide,Franco,aide.franco@msn.com
736,Genny,Hensley,genny.hensley@yahoo.com
737,Melita,Dominguez,melita.dominguez@msn.com
739,Bobbi,Banks,bobbi.banks@yahoo.com
740,Gwenn,Melton,gwenn.melton@yahoo.com
741,Laci,Castro,laci.castro@hotmail.com
742,Evelina,Manning,evelina.manning@aol.com
743,Tania,Swanson,tania.swanson@yahoo.com
744,Laurel,Schultz,laurel.schultz@hotmail.com
745,Carolyne,Conley,carolyne.conley@gmail.com
746,Eldridge,Greer,eldridge.greer@aol.com
747,Margret,Barnett,margret.barnett@gmail.com
748,Oliva,Blackwell,oliva.blackwell@hotmail.com
749,Oralia,Farley,oralia.farley@hotmail.com
750,Romaine,Salazar,romaine.salazar@yahoo.com
751,Hermila,Mckay,hermila.mckay@yahoo.com
752,Lloyd,Miranda,lloyd.miranda@hotmail.com
753,Mandi,Gibbs,mandi.gibbs@gmail.com
754,Hue,May,hue.may@aol.com
755,Tomika,Wilder,tomika.wilder@aol.com
756,Graig,Roth,graig.roth@aol.com
757,Lamar,Greer,lamar.greer@gmail.com
758,Raymonde,Garcia,raymonde.garcia@aol.com
760,Marisa,Chambers,marisa.chambers@msn.com
761,Rod,Hatfield,rod.hatfield@hotmail.com
762,Quyen,Houston,quyen.houston@gmail.com
763,Han,Schneider,han.schneider@gmail.com
764,Terrell,Mathis,terrell.mathis@aol.com
765,Spring,Hayes,spring.hayes@hotmail.com
766,Lecia,Hancock,lecia.hancock@hotmail.com
768,Yvone,Yates,yvone.yates@gmail.com
769,Agatha,Melton,agatha.melton@yahoo.com
770,Lavonda,Stephenson,lavonda.stephenson@gmail.com
772,Latricia,Lindsey,latricia.lindsey@hotmail.com
773,Yolando,Wade,yolando.wade@hotmail.com
774,Nenita,Mooney,nenita.mooney@hotmail.com
775,Kermit,Hyde,kermit.hyde@hotmail.com
776,Angelique,Merrill,angelique.merrill@gmail.com
777,Ilda,Roberson,ilda.roberson@aol.com
778,Corrinne,Garrison,corrinne.garrison@yahoo.com
779,Major,Merrill,major.merrill@aol.com
780,Ouida,Gregory,ouida.gregory@aol.com
781,Tajuana,Riddle,tajuana.riddle@hotmail.com
782,Ricki,Bullock,ricki.bullock@hotmail.com
784,Debbra,Jacobson,debbra.jacobson@yahoo.com
785,Kandis,Mills,kandis.mills@hotmail.com
786,Wallace,Lane,wallace.lane@aol.com
787,Malisa,Mitchell,malisa.mitchell@msn.com
788,Lilliam,Nolan,lilliam.nolan@msn.com
789,Tad,Gardner,tad.gardner@hotmail.com
790,Petronila,Gallegos,petronila.gallegos@gmail.com
791,Yun,Nelson,yun.nelson@hotmail.com
792,Edgar,Horn,edgar.horn@aol.com
793,Chantay,Maynard,chantay.maynard@gmail.com
794,Donette,Mccarthy,donette.mccarthy@yahoo.com
795,Mariam,Miranda,mariam.miranda@aol.com
796,Rosalie,Coffey,rosalie.coffey@gmail.com
797,Cathey,Lamb,cathey.lamb@msn.com
798,Alyse,Jacobson,alyse.jacobson@yahoo.com
799,India,Barron,india.barron@msn.com
800,Cris,Dunn,cris.dunn@yahoo.com
801,Ophelia,Rodgers,ophelia.rodgers@gmail.com
802,Barrett,Sanders,barrett.sanders@aol.com
803,Bernardina,Cooper,bernardina.cooper@msn.com
804,Douglas,Richards,douglas.richards@hotmail.com
805,Phillis,Fowler,phillis.fowler@aol.com
806,Reyes,Merritt,reyes.merritt@yahoo.com
807,Nathalie,Knowles,nathalie.knowles@aol.com
808,Vallie,Dixon,vallie.dixon@yahoo.com
809,Elnora,Simpson,elnora.simpson@yahoo.com
811,Shanti,Johnston,shanti.johnston@gmail.com
812,Martha,Burgess,martha.burgess@msn.com
813,Neville,Mcclain,neville.mcclain@yahoo.com
814,Ghislaine,Compton,ghislaine.compton@aol.com
815,Leanna,Manning,leanna.manning@yahoo.com
816,Marshall,Johnson,marshall.johnson@yahoo.com
819,Yahaira,Robertson,yahaira.robertson@yahoo.com
820,Sandy,Mills,sandy.mills@gmail.com
821,Cassidy,Clark,cassidy.clark@hotmail.com
822,Kristy,Watkins,kristy.watkins@gmail.com
823,Tina,Bush,tina.bush@aol.com
824,Veronika,Rollins,veronika.rollins@yahoo.com
825,Kristel,Byrd,kristel.byrd@hotmail.com
826,Shay,Stephenson,shay.stephenson@aol.com
827,George,Pickett,george.pickett@msn.com
828,Renato,Morton,renato.morton@msn.com
829,Marcy,Rodriguez,marcy.rodriguez@gmail.com
830,Edmund,Gaines,edmund.gaines@gmail.com
831,Lory,Berg,lory.berg@aol.com
832,Pamala,Fowler,pamala.fowler@gmail.com
833,Leone,Emerson,leone.emerson@msn.com
834,Brain,Skinner,brain.skinner@hotmail.com
835,Roseanne,Maynard,roseanne.maynard@yahoo.com
836,Corinna,Adams,corinna.adams@msn.com
837,Kellye,Campbell,kellye.campbell@gmail.com
838,Erna,Sloan,erna.sloan@aol.com
839,Carolann,Russell,carolann.russell@hotmail.com
840,Gilbert,Calhoun,gilbert.calhoun@msn.com
841,Manie,Maxwell,manie.maxwell@gmail.com
842,Giselle,Robles,giselle.robles@hotmail.com
843,Tessie,Farmer,tessie.farmer@msn.com
844,Felica,Munoz,felica.munoz@aol.com
845,Kathyrn,Bush,kathyrn.bush@gmail.com
846,Sylvester,Chan,sylvester.chan@hotmail.com
847,Lizette,Ellison,lizette.ellison@hotmail.com
848,Ernestina,Skinner,ernestina.skinner@hotmail.com
849,Phyllis,Hill,phyllis.hill@yahoo.com
850,Stephanie,Browning,stephanie.browning@yahoo.com
851,Arlena,Buckner,arlena.buckner@hotmail.com
852,Lezlie,Thompson,lezlie.thompson@yahoo.com
853,Brittney,Rojas,brittney.rojas@aol.com
855,Lean,Stark,lean.stark@msn.com
856,Lara,Guy,lara.guy@aol.com
857,Inga,Koch,inga.koch@msn.com
858,Klara,Kim,klara.kim@gmail.com
859,Julianne,Shannon,julianne.shannon@hotmail.com
860,Loni,Mullen,loni.mullen@msn.com
861,Olympia,Figueroa,olympia.figueroa@hotmail.com
862,Mellie,Puckett,mellie.puckett@yahoo.com
863,Shonta,Preston,shonta.preston@msn.com
865,Julia,Joyner,julia.joyner@msn.com
866,Lynwood,Jackson,lynwood.jackson@aol.com
867,Rosalva,Hamilton,rosalva.hamilton@aol.com
869,Rodrigo,Durham,rodrigo.durham@aol.com
870,Dwain,Carlson,dwain.carlson@gmail.com
871,Erlinda,Humphrey,erlinda.humphrey@hotmail.com
873,Patience,Clayton,patience.clayton@hotmail.com
874,Mila,Good,mila.good@yahoo.com
875,Tanesha,Sawyer,tanesha.sawyer@aol.com
876,Onita,Macdonald,onita.macdonald@yahoo.com
877,Janine,Manning,janine.manning@gmail.com
878,Melodie,Melton,melodie.melton@yahoo.com
879,Ethelyn,Ray,ethelyn.ray@yahoo.com
880,Phebe,Turner,phebe.turner@aol.com
881,Chloe,Patel,chloe.patel@yahoo.com
882,Hilda,Harvey,hilda.harvey@gmail.com
884,Willian,Hardin,willian.hardin@msn.com
885,Janna,Hayden,janna.hayden@msn.com
886,Letisha,May,letisha.may@yahoo.com
887,Graig,Cannon,graig.cannon@gmail.com
888,Coleen,Navarro,coleen.navarro@aol.com
889,Lucilla,Williams,lucilla.williams@hotmail.com
890,Rosanne,George,rosanne.george@yahoo.com
891,Ashlie,Parrish,ashlie.parrish@hotmail.com
892,Alissa,Craft,alissa.craft@hotmail.com
893,Letty,Cobb,letty.cobb@msn.com
894,Nathaniel,Richard,nathaniel.richard@gmail.com
895,Elaina,Key,elaina.key@msn.com
899,Carisa,Carpenter,carisa.carpenter@hotmail.com
900,Jule,Davenport,jule.davenport@aol.com
901,Lonna,Franks,lonna.franks@yahoo.com
902,Elease,Dejesus,elease.dejesus@gmail.com
903,Maira,Long,maira.long@msn.com
905,Hae,Ramirez,hae.ramirez@hotmail.com
906,Erik,Leblanc,erik.leblanc@aol.com
907,Daina,Sampson,daina.sampson@msn.com
908,Delmar,Wise,delmar.wise@yahoo.com
909,Alita,Salinas,alita.salinas@hotmail.com
910,Elenore,William,elenore.william@msn.com
911,Nikita,Roy,nikita.roy@aol.com
912,Inocencia,Key,inocencia.key@hotmail.com
913,Liliana,Kerr,liliana.kerr@yahoo.com
914,Hortencia,O'neil,hortencia.o'neil@hotmail.com
916,Alishia,Elliott,alishia.elliott@aol.com
918,Kristel,Bullock,kristel.bullock@yahoo.com
919,Ruthanne,Hoover,ruthanne.hoover@aol.com
920,James,Robles,james.robles@aol.com
921,Evelin,Vargas,evelin.vargas@msn.com
922,Elvia,Cardenas,elvia.cardenas@hotmail.com
923,Randee,Pitts,randee.pitts@msn.com
924,Lea,Irwin,lea.irwin@gmail.com
925,Bryce,Monroe,bryce.monroe@aol.com
928,Joann,Barber,joann.barber@gmail.com
929,Thurman,Ellis,thurman.ellis@gmail.com
930,Delana,Wagner,delana.wagner@aol.com
931,Porter,Bass,porter.bass@hotmail.com
932,Yvonne,Bean,yvonne.bean@yahoo.com
933,Lurline,Rivers,lurline.rivers@msn.com
934,Ocie,Slater,ocie.slater@msn.com
935,Genevie,Miles,genevie.miles@aol.com
936,Sherilyn,Wilcox,sherilyn.wilcox@gmail.com
937,Aida,Koch,aida.koch@gmail.com
940,Marina,Hinton,marina.hinton@yahoo.com
941,Danyell,Dickerson,danyell.dickerson@msn.com
943,Lynn,Mcmahon,lynn.mcmahon@msn.com
944,Tonja,Henderson,tonja.henderson@aol.com
945,Krissy,Ochoa,krissy.ochoa@msn.com
946,Angella,Bridges,angella.bridges@yahoo.com
947,Angele,Castro,angele.castro@yahoo.com
948,Siobhan,Lang,siobhan.lang@gmail.com
949,Venessa,Frost,venessa.frost@msn.com
951,Steve,Bender,steve.bender@gmail.com
952,Aileen,Marquez,aileen.marquez@msn.com
953,Kattie,Stevenson,kattie.stevenson@aol.com
954,Hassan,Nash,hassan.nash@yahoo.com
955,Delfina,Gilliam,delfina.gilliam@hotmail.com
956,Venus,Hewitt,venus.hewitt@msn.com
958,Ciera,Koch,ciera.koch@gmail.com
961,Iva,Wilcox,iva.wilcox@aol.com
962,Maple,Griffin,maple.griffin@gmail.com
963,Anisha,Lang,anisha.lang@aol.com
965,Margit,Osborn,margit.osborn@yahoo.com
966,Novella,Patel,novella.patel@gmail.com
967,Laurette,Hebert,laurette.hebert@msn.com
968,Jonna,Brown,jonna.brown@aol.com
970,Ruth,Horton,ruth.horton@gmail.com
973,Margaretta,Clayton,margaretta.clayton@yahoo.com
974,Marcell,Barrett,marcell.barrett@gmail.com
976,Ayanna,Cherry,ayanna.cherry@yahoo.com
977,Barton,Cox,barton.cox@yahoo.com
978,Diana,Reyes,diana.reyes@msn.com
979,Ingeborg,Ellison,ingeborg.ellison@yahoo.com
980,Carter,Booth,carter.booth@msn.com
982,Orval,Hunter,orval.hunter@aol.com
983,Marguerite,Berger,marguerite.berger@aol.com
984,Ivette,Warren,ivette.warren@gmail.com
985,Milagros,Weber,milagros.weber@hotmail.com
986,Marcel,Lindsay,marcel.lindsay@hotmail.com
987,Louis,Powell,louis.powell@aol.com
988,Vanda,Holmes,vanda.holmes@aol.com
989,Loreen,Byers,loreen.byers@yahoo.com
990,Casimira,Chapman,casimira.chapman@yahoo.com
991,Brigida,Larson,brigida.larson@hotmail.com
992,Chere,Alston,chere.alston@gmail.com
993,Giovanna,Jefferson,giovanna.jefferson@gmail.com
994,Demarcus,Reese,demarcus.reese@gmail.com
995,Amina,Salazar,amina.salazar@aol.com
996,Serafina,Clemons,serafina.clemons@gmail.com
997,Trinidad,Mcclain,trinidad.mcclain@msn.com
998,Heather,Chaney,heather.chaney@yahoo.com
999,Latoya,Johns,latoya.johns@hotmail.com
1000,Shiloh,Reeves,shiloh.reeves@msn.com
1002,Cami,Williamson,cami.williamson@hotmail.com
1003,Sharell,Ross,sharell.ross@msn.com
1004,Jerald,Blackwell,jerald.blackwell@hotmail.com
1005,Ruthanne,Franco,ruthanne.franco@yahoo.com
1006,Marjory,Leonard,marjory.leonard@msn.com
1007,Jimmy,Russell,jimmy.russell@hotmail.com
1008,Berneice,Pollard,berneice.pollard@hotmail.com
1009,Deangelo,Cooley,deangelo.cooley@aol.com
1010,Katia,Henry,katia.henry@msn.com
1011,Sebrina,Gross,sebrina.gross@yahoo.com
1012,Josephine,Dale,josephine.dale@aol.com
1013,Alma,Peck,alma.peck@aol.com
1014,Ling,Newman,ling.newman@msn.com
1015,Nichelle,Rosario,nichelle.rosario@hotmail.com
1018,Carita,Salinas,carita.salinas@yahoo.com
1019,Janie,Herrera,janie.herrera@gmail.com
1020,Lorraine,Marks,lorraine.marks@msn.com
1021,Nicolas,Carlson,nicolas.carlson@yahoo.com
1022,Hye,Mercer,hye.mercer@gmail.com
1023,Adena,Blake,adena.blake@hotmail.com
1025,Daphine,Willis,daphine.willis@msn.com
1026,Jenine,Dawson,jenine.dawson@msn.com
1027,Shanita,Wiley,shanita.wiley@yahoo.com
1028,Shanna,Bonner,shanna.bonner@msn.com
1029,Ping,Quinn,ping.quinn@gmail.com
1030,Saran,Moses,saran.moses@yahoo.com
1031,Tonja,Bean,tonja.bean@aol.com
1032,Vernon,Knowles,vernon.knowles@yahoo.com
1033,Jeannette,Skinner,jeannette.skinner@yahoo.com
1034,Rico,Salas,rico.salas@msn.com
1035,Tangela,Hurley,tangela.hurley@msn.com
1036,Randee,Lester,randee.lester@gmail.com
1037,Ashanti,Hammond,ashanti.hammond@msn.com
1038,Garry,Juarez,garry.juarez@hotmail.com
1039,Bee,Baker,bee.baker@aol.com
1040,Shantae,Hammond,shantae.hammond@hotmail.com
1041,Bettye,Espinoza,bettye.espinoza@yahoo.com
1042,Larissa,Hays,larissa.hays@aol.com
1043,Diane,Jones,diane.jones@gmail.com
1044,Zenia,Bruce,zenia.bruce@aol.com
1045,Pasquale,Hogan,pasquale.hogan@aol.com
1046,Dane,Mcdaniel,dane.mcdaniel@hotmail.com
1047,Jamaal,Baker,jamaal.baker@hotmail.com
1048,Ji,Burt,ji.burt@hotmail.com
1049,Marcelino,Mcbride,marcelino.mcbride@hotmail.com
1050,Rozella,Fitzgerald,rozella.fitzgerald@yahoo.com
1051,Tonisha,Fowler,tonisha.fowler@msn.com
1053,Parthenia,Figueroa,parthenia.figueroa@msn.com
1054,Arielle,Levine,arielle.levine@yahoo.com
1055,Hildegarde,Christensen,hildegarde.christensen@hotmail.com
1056,Rebbecca,Espinoza,rebbecca.espinoza@hotmail.com
1057,Conchita,Boone,conchita.boone@gmail.com
1058,Aisha,Woods,aisha.woods@gmail.com
1059,Season,Harvey,season.harvey@yahoo.com
1061,Alanna,Barry,alanna.barry@yahoo.com
1062,Jerri,Guthrie,jerri.guthrie@msn.com
1063,Tammy,Austin,tammy.austin@yahoo.com
1064,Patsy,Russo,patsy.russo@gmail.com
1065,Desiree,Branch,desiree.branch@msn.com
1067,Lillia,Gillespie,lillia.gillespie@hotmail.com
1068,Doris,Kaufman,doris.kaufman@gmail.com
1069,Rodolfo,Buck,rodolfo.buck@gmail.com
1070,Olimpia,Mays,olimpia.mays@aol.com
1071,Shemeka,Lyons,shemeka.lyons@msn.com
1072,Maryalice,Henry,maryalice.henry@msn.com
1073,Leeanne,Cross,leeanne.cross@yahoo.com
1074,Lanelle,Guerra,lanelle.guerra@yahoo.com
1075,Dann,Huff,dann.huff@gmail.com
1076,Sherise,Mercer,sherise.mercer@gmail.com
1077,Heather,Perry,heather.perry@gmail.com
1078,Theresia,Barron,theresia.barron@aol.com
1079,Cindi,Ellis,cindi.ellis@yahoo.com
1080,Mirella,Duffy,mirella.duffy@yahoo.com
1081,Carson,Macias,carson.macias@gmail.com
1083,Cher,Alston,cher.alston@msn.com
1084,Regine,Odom,regine.odom@msn.com
1085,Adam,Thornton,adam.thornton@hotmail.com
1086,Cori,Schwartz,cori.schwartz@msn.com
1087,Willow,Gardner,willow.gardner@gmail.com
1088,Jane,Henderson,jane.henderson@hotmail.com
1089,Chere,Mcfadden,chere.mcfadden@yahoo.com
1090,Ira,Erickson,ira.erickson@aol.com
1091,Risa,Gallagher,risa.gallagher@yahoo.com
1092,Lavinia,Cotton,lavinia.cotton@yahoo.com
1093,Alejandrina,Hodges,alejandrina.hodges@msn.com
1094,Keitha,Black,keitha.black@yahoo.com
1095,Corene,Swanson,corene.swanson@aol.com
1096,Tonda,Webb,tonda.webb@yahoo.com
1097,Collen,Dennis,collen.dennis@gmail.com
1098,Treasa,Dickerson,treasa.dickerson@hotmail.com
1099,Jewell,Reyes,jewell.reyes@hotmail.com
1100,Penny,Acevedo,penny.acevedo@yahoo.com
1101,Louise,Flowers,louise.flowers@yahoo.com
1103,Ardelia,Cooley,ardelia.cooley@aol.com
1104,Khalilah,Robertson,khalilah.robertson@aol.com
1105,Armando,Black,armando.black@gmail.com
1106,Jerri,Henry,jerri.henry@msn.com
1107,Lynda,Newman,lynda.newman@msn.com
1108,Bao,Wade,bao.wade@gmail.com
1109,Gussie,Harding,gussie.harding@gmail.com
1110,Shirely,Cantrell,shirely.cantrell@aol.com
1111,Caroline,Jenkins,caroline.jenkins@msn.com
1112,Hollis,Rasmussen,hollis.rasmussen@yahoo.com
1113,Kendra,Harrington,kendra.harrington@yahoo.com
1115,Lina,Meadows,lina.meadows@aol.com
1116,Patria,Harper,patria.harper@msn.com
1117,Jeffrey,Hill,jeffrey.hill@gmail.com
1118,Ja,Dillard,ja.dillard@yahoo.com
1119,Tora,Dunlap,tora.dunlap@hotmail.com
1120,Karole,Alvarez,karole.alvarez@gmail.com
1121,Shasta,Combs,shasta.combs@yahoo.com
1122,Cicely,Deleon,cicely.deleon@yahoo.com
1123,Raphael,O'neil,raphael.o'neil@aol.com
1124,Hubert,Reilly,hubert.reilly@hotmail.com
1125,Caleb,England,caleb.england@gmail.com
1126,Elmira,Levy,elmira.levy@gmail.com
1127,Waldo,Hart,waldo.hart@yahoo.com
1128,Bea,Kane,bea.kane@aol.com
1129,Gilberto,Sanders,gilberto.sanders@hotmail.com
1130,Benny,Bender,benny.bender@aol.com
1131,Desmond,Rose,desmond.rose@hotmail.com
1132,Parthenia,Holman,parthenia.holman@gmail.com
1133,Dung,King,dung.king@aol.com
1134,Sherril,Alvarado,sherril.alvarado@hotmail.com
1135,Alisia,Albert,alisia.albert@gmail.com
1137,Dottie,Roberts,dottie.roberts@aol.com
1138,Hubert,Stone,hubert.stone@hotmail.com
1139,Gabriella,Jones,gabriella.jones@hotmail.com
1140,Penney,Hall,penney.hall@msn.com
1141,Mallie,Osborn,mallie.osborn@gmail.com
1142,Britteny,Schroeder,britteny.schroeder@aol.com
1143,Sommer,Hopkins,sommer.hopkins@gmail.com
1144,Jewel,Sparks,jewel.sparks@aol.com
1146,Charlsie,Carson,charlsie.carson@hotmail.com
1147,Kandace,Ayers,kandace.ayers@gmail.com
1148,Lenore,Valdez,lenore.valdez@msn.com
1149,Drucilla,Gilliam,drucilla.gilliam@hotmail.com
1151,Herminia,Reyes,herminia.reyes@gmail.com
1152,Tuyet,Rosa,tuyet.rosa@aol.com
1153,Ara,Vazquez,ara.vazquez@msn.com
1154,Barry,Albert,barry.albert@gmail.com
1155,Verdell,Joyner,verdell.joyner@aol.com
1156,Han,Wade,han.wade@hotmail.com
1158,Vito,Pickett,vito.pickett@hotmail.com
1159,Charlene,Norris,charlene.norris@msn.com
1160,Efren,Whitfield,efren.whitfield@gmail.com
1161,Santa,Larson,santa.larson@gmail.com
1162,Carmelina,Sellers,carmelina.sellers@hotmail.com
1163,Carmela,Hays,carmela.hays@aol.com
1164,Patrina,Tanner,patrina.tanner@gmail.com
1166,Junita,Reese,junita.reese@gmail.com
1167,Ryan,Carter,ryan.carter@yahoo.com
1168,Almeta,Benjamin,almeta.benjamin@aol.com
1169,Beatris,Joyner,beatris.joyner@gmail.com
1170,Mechelle,Chan,mechelle.chan@gmail.com
1171,Earlean,Pena,earlean.pena@yahoo.com
1172,Katherin,Clark,katherin.clark@yahoo.com
1173,Chanel,May,chanel.may@msn.com
1175,Sindy,Anderson,sindy.anderson@gmail.com
1176,Sheree,Blanchard,sheree.blanchard@gmail.com
1177,Charlesetta,Soto,charlesetta.soto@yahoo.com
1179,Vernetta,Banks,vernetta.banks@aol.com
1180,Myrtle,Gardner,myrtle.gardner@aol.com
1181,Agustina,Lawrence,agustina.lawrence@yahoo.com
1182,Trinidad,Chapman,trinidad.chapman@aol.com
1183,Kim,Clark,kim.clark@msn.com
1184,Annabelle,Hebert,annabelle.hebert@aol.com
1185,Corine,Stuart,corine.stuart@msn.com
1186,Kiesha,Bond,kiesha.bond@aol.com
1187,Kenyetta,Mason,kenyetta.mason@msn.com
1189,Sheila,Goodman,sheila.goodman@msn.com
1190,Romeo,Steele,romeo.steele@msn.com
1192,Gena,Owens,gena.owens@gmail.com
1193,Phebe,Soto,phebe.soto@hotmail.com
1194,Leticia,Snyder,leticia.snyder@yahoo.com
1196,Ileana,Holt,ileana.holt@msn.com
1197,Nakisha,Clay,nakisha.clay@gmail.com
1198,Cheryll,Snyder,cheryll.snyder@yahoo.com
1199,Consuela,Collier,consuela.collier@msn.com
1200,Aubrey,Durham,aubrey.durham@aol.com
1201,Nita,Guy,nita.guy@hotmail.com
1202,Carmina,Emerson,carmina.emerson@hotmail.com
1203,Georgeann,Rojas,georgeann.rojas@msn.com
1204,Leslie,Higgins,leslie.higgins@hotmail.com
1205,Emmaline,Huber,emmaline.huber@gmail.com
1206,Mercy,Brown,mercy.brown@msn.com
1208,Leila,Barr,leila.barr@yahoo.com
1209,Deandrea,Cox,deandrea.cox@msn.com
1210,Shawnna,Frank,shawnna.frank@hotmail.com
1211,Brenton,Whitaker,brenton.whitaker@gmail.com
1212,Jaqueline,Cummings,jaqueline.cummings@hotmail.com
1213,Yang,Giles,yang.giles@gmail.com
1214,Brigid,Sharp,brigid.sharp@hotmail.com
1215,Karl,Stephens,karl.stephens@gmail.com
1216,Elvina,Gates,elvina.gates@hotmail.com
1219,Alden,Atkinson,alden.atkinson@gmail.com
1220,Carissa,Cross,carissa.cross@yahoo.com
1221,Joy,Underwood,joy.underwood@gmail.com
1222,Geraldine,O'donnell,geraldine.o'donnell@hotmail.com
1223,Bronwyn,Vargas,bronwyn.vargas@msn.com
1224,Abram,Copeland,abram.copeland@gmail.com
1225,Mellisa,Griffin,mellisa.griffin@msn.com
1226,Qiana,Jackson,qiana.jackson@gmail.com
1229,Carina,Lynch,carina.lynch@gmail.com
1230,Jesus,Burch,jesus.burch@hotmail.com
1231,Selene,Vega,selene.vega@gmail.com
1232,Jong,Guthrie,jong.guthrie@hotmail.com
1233,Lise,Hebert,lise.hebert@gmail.com
1234,Joshua,Berg,joshua.berg@hotmail.com
1235,Georgina,Gonzales,georgina.gonzales@yahoo.com
1236,Rudolph,Velez,rudolph.velez@yahoo.com
1237,Luke,Kramer,luke.kramer@hotmail.com
1238,Edgar,Quinn,edgar.quinn@aol.com
1239,Tara,Maynard,tara.maynard@hotmail.com
1240,Bella,Perez,bella.perez@msn.com
1241,Nathaniel,Davidson,nathaniel.davidson@hotmail.com
1242,Chauncey,Donaldson,chauncey.donaldson@aol.com
1243,Heide,Reed,heide.reed@yahoo.com
1244,Trang,Hardin,trang.hardin@yahoo.com
1246,Dale,Rasmussen,dale.rasmussen@aol.com
1247,Tammie,Cherry,tammie.cherry@hotmail.com
1248,Bethany,Herring,bethany.herring@yahoo.com
1249,Barbra,Dickerson,barbra.dickerson@gmail.com
1250,Neoma,Daugherty,neoma.daugherty@gmail.com
1251,Nanette,Roman,nanette.roman@yahoo.com
1252,Adriene,Rollins,adriene.rollins@msn.com
1253,Susannah,Fields,susannah.fields@hotmail.com
1254,Dung,Reid,dung.reid@msn.com
1255,Ben,Stone,ben.stone@gmail.com
1256,Nubia,Anderson,nubia.anderson@aol.com
1257,Rosamaria,Meyer,rosamaria.meyer@yahoo.com
1258,Todd,Waters,todd.waters@yahoo.com
1259,Kimbery,Nieves,kimbery.nieves@msn.com
1260,Phuong,Wolf,phuong.wolf@yahoo.com
1261,Adelaida,Hancock,adelaida.hancock@aol.com
1262,Brianne,Hays,brianne.hays@gmail.com
1263,Rufina,Chandler,rufina.chandler@aol.com
1265,Bonita,Marshall,bonita.marshall@msn.com
1266,Myrl,Gay,myrl.gay@hotmail.com
1267,Earline,Gordon,earline.gordon@gmail.com
1268,Sung,Chambers,sung.chambers@gmail.com
1269,Gustavo,Gamble,gustavo.gamble@msn.com
1270,Ciera,Webb,ciera.webb@yahoo.com
1271,Roy,Chan,roy.chan@hotmail.com
1272,Houston,Vasquez,houston.vasquez@msn.com
1273,Cheree,Hale,cheree.hale@yahoo.com
1274,Odette,Moses,odette.moses@gmail.com
1275,Lenita,Bonner,lenita.bonner@aol.com
1276,Shona,Mcmillan,shona.mcmillan@msn.com
1277,Piedad,Irwin,piedad.irwin@hotmail.com
1278,Loan,Graham,loan.graham@yahoo.com
1279,Stan,Saunders,stan.saunders@yahoo.com
1280,Jackeline,Colon,jackeline.colon@msn.com
1281,Marlen,Dawson,marlen.dawson@msn.com
1283,Mica,Barry,mica.barry@yahoo.com
1284,Shanice,Spears,shanice.spears@msn.com
1285,Garth,Huff,garth.huff@yahoo.com
1286,Dione,Pratt,dione.pratt@msn.com
1287,Victor,Pittman,victor.pittman@aol.com
1288,Allie,Conley,allie.conley@msn.com
1289,Shanelle,Anderson,shanelle.anderson@yahoo.com
1290,Minnie,Compton,minnie.compton@gmail.com
1291,Shiloh,Bates,shiloh.bates@msn.com
1292,Lakenya,Oliver,lakenya.oliver@yahoo.com
1293,Sally,Kinney,sally.kinney@msn.com
1294,Edith,Davenport,edith.davenport@gmail.com
1295,Alline,Beasley,alline.beasley@yahoo.com
1296,Travis,Whitley,travis.whitley@aol.com
1297,Vanessa,West,vanessa.west@gmail.com
1298,Trudy,Riddle,trudy.riddle@aol.com
1299,Shauna,Edwards,shauna.edwards@msn.com
1300,Clorinda,Donovan,clorinda.donovan@msn.com
1301,Raven,Curtis,raven.curtis@aol.com
1302,Verda,Gilbert,verda.gilbert@gmail.com
1303,Renay,Atkins,renay.atkins@aol.com
1304,Tama,Berg,tama.berg@hotmail.com
1306,America,Swanson,america.swanson@msn.com
1307,Cinda,Rocha,cinda.rocha@hotmail.com
1308,Shea,Howell,shea.howell@msn.com
1309,Kimberli,Cline,kimberli.cline@yahoo.com
1310,Emanuel,Mckee,emanuel.mckee@yahoo.com
1311,Whitley,Cannon,whitley.cannon@msn.com
1312,Tereasa,Bird,tereasa.bird@aol.com
1313,Dante,Grimes,dante.grimes@yahoo.com
1314,Joeann,Garrison,joeann.garrison@yahoo.com
1315,Omega,Johnston,omega.johnston@gmail.com
1316,Conrad,Mueller,conrad.mueller@yahoo.com
1317,Glady,Wells,glady.wells@gmail.com
1319,Claris,Santiago,claris.santiago@msn.com
1320,Obdulia,Barber,obdulia.barber@gmail.com
1321,Shantel,Gregory,shantel.gregory@yahoo.com
1322,Ai,Forbes,ai.forbes@yahoo.com
1323,Ebony,Cotton,ebony.cotton@yahoo.com
1324,Arla,Ellis,arla.ellis@yahoo.com
1325,Magdalena,Sherman,magdalena.sherman@gmail.com
1326,Tarra,Guerrero,tarra.guerrero@aol.com
1327,Consuela,Romero,consuela.romero@hotmail.com
1328,Cindie,Franklin,cindie.franklin@yahoo.com
1329,Sharyn,Brewer,sharyn.brewer@aol.com
1330,Karren,Stevenson,karren.stevenson@aol.com
1331,Divina,Reeves,divina.reeves@hotmail.com
1332,Novella,Ross,novella.ross@gmail.com
1333,Omega,Huff,omega.huff@aol.com
1334,Ashleigh,Finch,ashleigh.finch@yahoo.com
1335,Corina,Lynch,corina.lynch@msn.com
1336,Joe,Melton,joe.melton@gmail.com
1337,Bernetta,Summers,bernetta.summers@aol.com
1338,Inez,Snider,inez.snider@gmail.com
1340,Tona,Velasquez,tona.velasquez@msn.com
1341,Rozanne,Reyes,rozanne.reyes@aol.com
1342,Lekisha,Pope,lekisha.pope@msn.com
1343,Jama,Rodriquez,jama.rodriquez@msn.com
1344,Eloisa,Tucker,eloisa.tucker@hotmail.com
1345,Arie,Hunter,arie.hunter@msn.com
1347,Kate,Barber,kate.barber@hotmail.com
1348,Yvone,Guerrero,yvone.guerrero@aol.com
1349,Kami,Rios,kami.rios@yahoo.com
1350,Annett,Rush,annett.rush@hotmail.com
1351,Carman,Hardy,carman.hardy@yahoo.com
1352,Dorothea,Miranda,dorothea.miranda@aol.com
1353,Agatha,Daniels,agatha.daniels@yahoo.com
1354,Alexandria,Zamora,alexandria.zamora@yahoo.com
1355,Thad,Gilliam,thad.gilliam@hotmail.com
1356,Inger,Jennings,inger.jennings@yahoo.com
1358,Noble,Glover,noble.glover@gmail.com
1359,Octavia,Donaldson,octavia.donaldson@hotmail.com
1360,Latashia,Travis,latashia.travis@yahoo.com
1361,Destiny,Goodman,destiny.goodman@msn.com
1362,Christiana,Gross,christiana.gross@yahoo.com
1364,Grisel,Maynard,grisel.maynard@msn.com
1365,Shenna,Espinoza,shenna.espinoza@gmail.com
1366,Trena,Rogers,trena.rogers@aol.com
1367,Lucile,Manning,lucile.manning@yahoo.com
1368,Veronique,Fulton,veronique.fulton@yahoo.com
1369,Starr,Schneider,starr.schneider@aol.com
1371,Pandora,Estes,pandora.estes@aol.com
1372,Renna,Williams,renna.williams@hotmail.com
1373,Lanora,Robbins,lanora.robbins@hotmail.com
1374,Juliane,Dillard,juliane.dillard@aol.com
1375,Carlena,Salinas,carlena.salinas@gmail.com
1376,Kimberley,Reynolds,kimberley.reynolds@aol.com
1379,Dorine,Thornton,dorine.thornton@gmail.com
1380,Eliz,Lynch,eliz.lynch@hotmail.com
1381,Mercedez,Brooks,mercedez.brooks@hotmail.com
1382,Wynona,Douglas,wynona.douglas@msn.com
1384,Elmo,Sweeney,elmo.sweeney@yahoo.com
1385,Kenton,Hughes,kenton.hughes@gmail.com
1387,Phylicia,Stout,phylicia.stout@aol.com
1388,Nanette,Harris,nanette.harris@hotmail.com
1389,Ulrike,Chan,ulrike.chan@aol.com
1390,Genoveva,Lloyd,genoveva.lloyd@aol.com
1391,Sheryl,Chase,sheryl.chase@gmail.com
1392,Trista,Lambert,trista.lambert@gmail.com
1393,Vivian,Deleon,vivian.deleon@msn.com
1394,Genny,Fields,genny.fields@msn.com
1395,Eliseo,Knight,eliseo.knight@msn.com
1397,Dewayne,Herring,dewayne.herring@aol.com
1398,Nevada,Hood,nevada.hood@aol.com
1399,Angelika,Perry,angelika.perry@msn.com
1400,Shayla,Hart,shayla.hart@msn.com
1401,Willetta,Murphy,willetta.murphy@msn.com
1402,Sandee,Alvarado,sandee.alvarado@aol.com
1404,Loyce,Conway,loyce.conway@aol.com
1405,Thanh,Figueroa,thanh.figueroa@yahoo.com
1406,Farrah,Orr,farrah.orr@msn.com
1407,Hugh,Craft,hugh.craft@msn.com
1408,Eleanor,Mendez,eleanor.mendez@yahoo.com
1411,Shanda,Stevenson,shanda.stevenson@yahoo.com
1412,Adrien,Hunter,adrien.hunter@yahoo.com
1413,Ophelia,Decker,ophelia.decker@yahoo.com
1414,Sonja,Walls,sonja.walls@aol.com
1415,Harold,O'connor,harold.o'connor@gmail.com
1416,Miranda,Kennedy,miranda.kennedy@gmail.com
1417,Jasper,Castro,jasper.castro@aol.com
1419,Lurlene,Cotton,lurlene.cotton@yahoo.com
1420,Kelsey,Noble,kelsey.noble@hotmail.com
1421,Edris,Barrett,edris.barrett@hotmail.com
1422,Tempie,Jacobson,tempie.jacobson@hotmail.com
1424,Lashunda,Cole,lashunda.cole@hotmail.com
1425,Justina,Jenkins,justina.jenkins@msn.com
1427,Mikel,Wilkerson,mikel.wilkerson@msn.com
1428,Carola,Johns,carola.johns@msn.com
1429,Lorrie,Justice,lorrie.justice@gmail.com
1431,Mark,Benton,mark.benton@aol.com
1432,Zona,Cameron,zona.cameron@aol.com
1433,Nicola,Knight,nicola.knight@aol.com
1434,Elana,Miles,elana.miles@yahoo.com
1435,Merrie,Fowler,merrie.fowler@aol.com
1436,Macie,Ayers,macie.ayers@msn.com
1437,Son,Warner,son.warner@hotmail.com
1439,Florrie,Little,florrie.little@yahoo.com
1440,Ernest,Rollins,ernest.rollins@yahoo.com
1441,Jamaal,Morrison,jamaal.morrison@msn.com
1442,Cassie,Cline,cassie.cline@gmail.com
1443,Lezlie,Lamb,lezlie.lamb@gmail.com
1444,Ivette,Estes,ivette.estes@gmail.com
1445,Ester,Acevedo,ester.acevedo@gmail.com
